"ASRock  B250M PRO4 에즈윈,ASRock,인텔 CPU용,인텔(소켓1151),(인텔) B250,Micro-ATX (24.5 x 24.5cm),DDR4,4개,최대 64GB,CrossFire X,PCIe3.0 x16,PCI-Express 3.0 x16,(M.2) 2개,O,O,O,,,,,,,O,,PS/2 포트 2개,O,,,,113000,http://timg.danawa.com/prod_img/500000/959/811/img/4811959_1.jpg"
"MSI  B250M 박격포,MSI,인텔 CPU용,인텔(소켓1151),(인텔) B250,Micro-ATX (24.4 x 24.4cm),DDR4,4개,최대 64GB,CrossFire X,PCIe3.0 x16,PCI-Express 3.0 x16,(M.2) 1개,,O,O,O,,,,,,O,,PS/2 콤보 1개,O,,,,116000,http://timg.danawa.com/prod_img/500000/479/815/img/4815479_1.jpg"
"ASUS PRIME B250M-A STCOM,ASUS,인텔 CPU용,인텔(소켓1151),(인텔) B250,Micro-ATX (24.4 x 20.6cm),DDR4,4개,최대 64GB,,PCIe3.0 x16,,(M.2) 2개,O,O,O,,,,,,,O,,PS/2 포트 2개,O,,,,112000,http://timg.danawa.com/prod_img/500000/773/814/img/4814773_1.jpg"
"ASUS  B150M-A/M.2 iBORA,ASUS,인텔 CPU용,인텔(소켓1151),(인텔) B150,Micro-ATX (24.4 x 24.4cm),DDR4,4개,최대 64GB,,PCIe3.0 x16,,(M.2) 1개,O,O,O,,,,,,,O,,PS/2 포트 2개,O,,,,92210,http://timg.danawa.com/prod_img/500000/457/139/img/4139457_1.jpg"
"ASUS  H110M-K iBORA,ASUS,인텔 CPU용,인텔(소켓1151),(인텔) H110,Micro-ATX (24.4 x 24.4cm),DDR4,2개,최대 32GB,,PCIe3.0 x16,,,O,O,,,,,,,,O,,PS/2 포트 2개,O,,,,69690,http://timg.danawa.com/prod_img/500000/620/603/img/3603620_1.jpg"
"GIGABYTE  GA-B250M-DS3H 듀러블에디션 피씨디렉트,GIGABYTE,인텔 CPU용,인텔(소켓1151),(인텔) B250,Micro-ATX (22.6 x 19.3cm),DDR4,4개,최대 64GB,,,,(M.2) 1개,O,O,O,,,,,,,O,,PS/2 콤보 1개,O,,,,105000,http://timg.danawa.com/prod_img/500000/534/813/img/4813534_1.jpg"
"ASUS PRIME Z270-A iBORA,ASUS,인텔 CPU용,인텔(소켓1151),(인텔) Z270,일반-ATX (30.5 x 24.4cm),DDR4,4개,최대 64GB,CrossFire X + SLI,PCIe3.0 x16,PCI-Express 3.0 x16,(M.2) 2개,,O,O,O,,,,,,O,O,PS/2 콤보 1개,O,,,,250880,http://timg.danawa.com/prod_img/500000/536/810/img/4810536_1.jpg"
"ASRock  B250M PRO4 디앤디컴,ASRock,인텔 CPU용,인텔(소켓1151),(인텔) B250,Micro-ATX (24.4 x 24.4cm),DDR4,4개,최대 64GB,CrossFire X,PCIe3.0 x16,PCI-Express 3.0 x16,(M.2) 2개,O,O,O,,,,,,,O,,PS/2 포트 2개,O,,,,109000,http://timg.danawa.com/prod_img/500000/612/812/img/4812612_1.jpg"
"GIGABYTE  GA-H110M-DS2V 듀러블에디션 피씨디렉트,GIGABYTE,인텔 CPU용,인텔(소켓1151),(인텔) H110,Micro-ATX (24.4 x 24.4cm),DDR4,2개,최대 32GB,,PCIe3.0 x16,,,O,O,,,,,,,,O,,PS/2 콤보 1개,O,,,,68000,http://timg.danawa.com/prod_img/500000/387/535/img/3535387_1.jpg"
"ASRock  H110M-HDV 에즈윈,ASRock,인텔 CPU용,인텔(소켓1151),(인텔) H110,Micro-ATX (23.0 x 18.2cm),DDR4,2개,최대 32GB,,,,,O,O,O,,,,,,,O,,PS/2 콤보 1개,O,,,,77000,http://timg.danawa.com/prod_img/500000/586/455/img/3455586_1.jpg"
"ASRock  Z270 EXTREME 4 에즈윈,ASRock,인텔 CPU용,인텔(소켓1151),(인텔) Z270,일반-ATX (24.4 x 30.5cm),DDR4,4개,최대 64GB,CrossFire X + SLI,PCIe3.0 x16,PCI-Express 3.0 x16,(M.2) 3개,O,O,O,,,,,,,O,,PS/2 포트 2개,O,,,,221000,http://timg.danawa.com/prod_img/500000/363/812/img/4812363_1.jpg"
"GIGABYTE  GA-H270-Gaming 3 게이밍에디션 피씨디렉트,GIGABYTE,인텔 CPU용,인텔(소켓1151),(인텔) H270,일반-ATX (30.5 x 24.4cm),DDR4,4개,최대 64GB,CrossFire X,PCIe3.0 x16,PCI-Express 3.0 x16,(M.2) 2개,,O,O,,,,,,,O,O,PS/2 콤보 1개,O,,,,181190,http://timg.danawa.com/prod_img/500000/956/822/img/4822956_1.jpg"
"MSI  H270 토마호크 아틱,MSI,인텔 CPU용,인텔(소켓1151),(인텔) H270,일반-ATX (30.4 x 24.3cm),DDR4,4개,,CrossFire,PCIe3.0 x16,,(M.2) 2개,,O,O,,,,,,,O,O,PS/2 콤보 1개,O,,,,170470,http://timg.danawa.com/prod_img/500000/881/816/img/4816881_1.jpg"
"ASUS ROG STRIX Z270F GAMING iBORA,ASUS,인텔 CPU용,인텔(소켓1151),(인텔) Z270,일반-ATX (30.5 x 23.4cm),DDR4,4개,최대 64GB,CrossFire X + SLI,PCIe3.0 x16,PCI-Express 3.0 x16,(M.2) 2개,,O,O,O,,,,,,O,O,PS/2 콤보 1개,O,,,,262680,http://timg.danawa.com/prod_img/500000/401/813/img/4813401_1.jpg"
"ASRock  H110M-DVS R2.0 디앤디컴,ASRock,인텔 CPU용,인텔(소켓1151),(인텔) H110,Micro-ATX (24.4 x 24.4cm),DDR4,2개,최대 32GB,,,,,O,O,,,,,,,,O,,PS/2 콤보 1개,O,,,,65000,http://timg.danawa.com/prod_img/500000/798/067/img/4067798_1.jpg"
"ASRock  B250M-HDV 에즈윈,ASRock,인텔 CPU용,인텔(소켓1151),(인텔) B250,Micro-ATX (22.5 x 18.5cm),DDR4,2개,최대 32GB,,PCIe3.0 x16,,(M.2) 1개,O,O,O,,,,,,,O,,PS/2 콤보 1개,O,,,,93000,http://timg.danawa.com/prod_img/500000/957/811/img/4811957_1.jpg"
"ASUS PRIME B250M-A iBORA,ASUS,인텔 CPU용,인텔(소켓1151),(인텔) B250,Micro-ATX (24.4 x 20.6cm),DDR4,4개,최대 64GB,,PCIe3.0 x16,,(M.2) 2개,O,O,O,,,,,,,O,,PS/2 포트 2개,O,,,,110430,http://timg.danawa.com/prod_img/500000/122/813/img/4813122_1.jpg"
"ASUS PRIME Z270-A STCOM,ASUS,인텔 CPU용,인텔(소켓1151),(인텔) Z270,일반-ATX (30.5 x 24.4cm),DDR4,4개,최대 64GB,CrossFire X + SLI,PCIe3.0 x16,PCI-Express 3.0 x16,(M.2) 2개,,O,O,O,,,,,,O,O,PS/2 콤보 1개,O,,,,259460,http://timg.danawa.com/prod_img/500000/793/811/img/4811793_1.jpg"
"MSI  Z270 크레이트 게이밍,MSI,인텔 CPU용,인텔(소켓1151),(인텔) Z270,일반-ATX (30.5 x 24.4cm),DDR4,4개,최대 64GB,CrossFire X + SLI,PCIe3.0 x16,PCI-Express 3.0 x16,(M.2) 2개,,O,O,,,,,,,O,O,PS/2 콤보 1개,O,,,,223000,http://timg.danawa.com/prod_img/500000/882/816/img/4816882_1.jpg"
"ASRock  H110M-DVS R2.0 에즈윈,ASRock,인텔 CPU용,인텔(소켓1151),(인텔) H110,Micro-ATX (24.4 x 24.4cm),DDR4,2개,최대 32GB,,,,,O,O,,,,,,,,O,,PS/2 콤보 1개,O,,,,66000,http://timg.danawa.com/prod_img/500000/335/067/img/4067335_1.jpg"
"ASUS  H81M-K iBORA,ASUS,인텔 CPU용,인텔(소켓1150),(인텔) H81,Micro-ATX (24.4 x 24.4cm),DDR3,2개,최대 16GB,,PCIe x16,없음,,O,O,,,,,,,,O,,PS/2 포트 2개,O,,,,61110,http://timg.danawa.com/prod_img/500000/504/477/img/2477504_1.jpg"
"GIGABYTE  GA-B150M-DS3H 듀러블에디션 피씨디렉트,GIGABYTE,인텔 CPU용,인텔(소켓1151),(인텔) B150,Micro-ATX (24.4 x 24.4cm),DDR4,4개,최대 64GB,,PCIe3.0 x16,,(M.2) 1개,O,O,O,,,,,,,O,,PS/2 콤보 1개,O,,,,88000,http://timg.danawa.com/prod_img/500000/801/554/img/3554801_1.jpg"
"ECS DURATHON2 H110M4-C2H 코잇,ECS,인텔 CPU용,인텔(소켓1151),(인텔) H110,Micro-ATX (24.4 x 24.4cm),DDR4,2개,최대 32GB,,,,,O,,O,,,,,,,O,,PS/2 포트 2개,O,,,,57360,http://timg.danawa.com/prod_img/500000/565/387/img/4387565_1.jpg"
"ASUS  H110M-A/M.2 iBORA,ASUS,인텔 CPU용,인텔(소켓1151),(인텔) H110,Micro-ATX (24.4 x 24.4cm),DDR4,2개,최대 32GB,,PCIe3.0 x16,,(M.2) 1개,O,O,O,,,,,,,O,,PS/2 포트 2개,O,,,,78270,http://timg.danawa.com/prod_img/500000/176/088/img/4088176_1.jpg"
"ASRock  H110M-DGS 디앤디컴,ASRock,인텔 CPU용,인텔(소켓1151),(인텔) H110,Micro-ATX (24.4 x 24.4cm),DDR4,2개,최대 32GB,,,,,,O,,,,,,,,O,,PS/2 포트 2개,O,,,,61000,http://timg.danawa.com/prod_img/500000/446/558/img/3558446_1.jpg"
"아이노비아  H61M-D3,아이노비아,인텔 CPU용,인텔(소켓1155),(인텔) H61,Micro-ATX (24.4 x 24.4cm),DDR3,2개,최대 16GB,,PCIe3.0 x16,,,,,,,,,,,,,,,,,,,59400,http://timg.danawa.com/prod_img/500000/037/683/img/4683037_1.jpg"
"GIGABYTE  GA-H110M-DS2V 듀러블에디션 제이씨현,GIGABYTE,인텔 CPU용,인텔(소켓1151),(인텔) H110,Micro-ATX (24.4 x 24.4cm),DDR4,2개,최대 32GB,,PCIe3.0 x16,,,O,O,,,,,,,,O,,PS/2 콤보 1개,O,,,,69000,http://timg.danawa.com/prod_img/500000/243/519/img/3519243_1.jpg"
"ASRock  B85M PRO4 에즈윈,ASRock,인텔 CPU용,인텔(소켓1150),(인텔) B85,Micro-ATX (24.4 x 24.4cm),DDR3,4개,최대 32GB,CrossFire X,PCIe3.0 x16,PCI-Express x16,,O,O,O,,,,,,,O,,키보드 포트 1개,O,,,,82000,http://timg.danawa.com/prod_img/500000/269/057/img/2057269_1.jpg"
"Supermicro 슈퍼오 C7-B250-CB-ML STCOM,Supermicro,인텔 CPU용,인텔(소켓1151),(인텔) B250,Micro-ATX (24.4 x 24.4cm),DDR4,4개,최대 64GB,,PCIe3.0 x16,,(M.2) 1개,,O,O,O,,,,,,O,,PS/2 콤보 1개,O,,,,117000,http://timg.danawa.com/prod_img/500000/290/871/img/4871290_1.jpg"
"MSI  H110M PRO-VD PLUS,MSI,인텔 CPU용,인텔(소켓1151),(인텔) H110,Micro-ATX (24.4 x 24.4cm),DDR4,2개,최대 32GB,,PCIe3.0 x16,,,O,O,,,,,,,,O,,PS/2 포트 2개,O,,,,70000,http://timg.danawa.com/prod_img/500000/781/115/img/4115781_1.jpg"
"GIGABYTE  GA-B250M-D3H 듀러블에디션 피씨디렉트,GIGABYTE,인텔 CPU용,인텔(소켓1151),(인텔) B250,Micro-ATX (24.4 x 22.5cm),DDR4,4개,최대 64GB,CrossFire X,PCIe3.0 x16,PCI-Express 3.0 x16,(M.2) 1개,O,O,O,O,,,,,,O,,PS/2 콤보 1개,O,,,,124000,http://timg.danawa.com/prod_img/500000/417/816/img/4816417_1.jpg"
"ASRock  H110M-DGS 에즈윈 (벌크),ASRock,인텔 CPU용,인텔(소켓1151),(인텔) H110,Micro-ATX (24.4 x 24.4cm),DDR4,2개,최대 32GB,,,,,,O,,,,,,,,O,,PS/2 포트 2개,O,,,,58970,http://timg.danawa.com/prod_img/500000/253/626/img/3626253_1.jpg"
"ECS  ESSENTIALS H81H3-M4 코잇,ECS,인텔 CPU용,인텔(소켓1150),(인텔) H81,Micro-ATX (24.4 x 24.4cm),DDR3,2개,최대 16GB,,PCIe x16,없음,,O,O,,,,,,,,O,,PS/2 포트 2개,O,,,,50000,http://timg.danawa.com/prod_img/500000/347/203/img/2203347_1.jpg"
"ASRock  Z270M PRO4 에즈윈,ASRock,인텔 CPU용,인텔(소켓1151),(인텔) Z270,Micro-ATX (24.5 x 24.5cm),DDR4,4개,최대 64GB,CrossFire X,PCIe3.0 x16,PCI-Express 3.0 x16,(M.2) 2개,O,O,O,,,,,,,O,,PS/2 포트 2개,O,,,,171000,http://timg.danawa.com/prod_img/500000/280/812/img/4812280_1.jpg"
"ECS  DELUXE H81H3-M3 제이씨현,ECS,인텔 CPU용,인텔(소켓1150),(인텔) H81,Micro-ATX (24.4 x 24.4cm),DDR3,2개,최대 16GB,,PCIe x16,없음,,O,O,O,,,,,,,O,,PS/2 포트 2개,O,,,,50390,http://timg.danawa.com/prod_img/500000/792/497/img/2497792_1.jpg"
"ASUS STRIX X99 GAMING STCOM,ASUS,인텔 CPU용,인텔(소켓2011-V3),(인텔) X99,일반-ATX (30.5 x 24.4cm),DDR4,8개,최대 128GB 이상,CrossFire X,PCIe3.0 x16,PCI-Express 3.0 x16,(M.2) 1개,,,,,,,,,,O,O,PS/2 콤보 1개,O,,O,O,479000,http://timg.danawa.com/prod_img/500000/518/063/img/4063518_1.jpg"
"ASUS STRIX Z270I GAMING iBORA,ASUS,인텔 CPU용,인텔(소켓1151),(인텔) Z270,M-iTX (17.0x17.0cm),DDR4,2개,최대 32GB,,PCIe3.0 x16,,(M.2) 2개,,,O,O,,,,,,O,O,,O,,O,O,364530,http://timg.danawa.com/prod_img/500000/183/023/img/5023183_1.jpg"
"BIOSTAR RACING B250 GT3 이엠텍,BIOSTAR,인텔 CPU용,인텔(소켓1151),(인텔) B250,Micro-ATX (24.4 x 23cm),DDR4,4개,최대 64GB,CrossFire X,PCIe3.0 x16,PCI-Express 3.0 x4,(M.2) 2개,,O,O,,,,,,,,,PS/2 콤보 1개,O,,,,103000,http://timg.danawa.com/prod_img/500000/446/862/img/4862446_1.jpg"
"ASUS PRIME H270-PRO iBORA,ASUS,인텔 CPU용,인텔(소켓1151),(인텔) H270,일반-ATX (30.5 x 22.6cm),DDR4,4개,최대 64GB,CrossFire X,PCIe3.0 x16,PCI-Express 3.0 x16,(M.2) 2개,,O,O,O,,,,,,O,O,PS/2 콤보 1개,O,,,,184410,http://timg.danawa.com/prod_img/500000/095/817/img/4817095_1.jpg"
"GIGABYTE  GA-Z270M-D3H 듀러블에디션 피씨디렉트,GIGABYTE,인텔 CPU용,인텔(소켓1151),(인텔) Z270,Micro-ATX (24.4 x 22.5cm),DDR4,4개,최대 64GB,CrossFire X,PCIe3.0 x16,PCI-Express 3.0 x16,(M.2) 1개,O,O,O,,,,,,,O,,PS/2 콤보 1개,O,,,,174760,http://timg.danawa.com/prod_img/500000/035/823/img/4823035_1.jpg"
"ECS DURATHON2 H110M4-C3V 코잇,ECS,인텔 CPU용,인텔(소켓1151),(인텔) H110,Micro-ATX (24.4 x 24.4cm),DDR4,2개,최대 32GB,,,,,O,O,,,,,,,,O,,PS/2 포트 2개,O,,,,60000,http://timg.danawa.com/prod_img/500000/310/683/img/3683310_1.jpg"
"ASUS  Z10PE-D16 WS STCOM,ASUS,인텔 CPU용,인텔(소켓2011-V3),기타,Extended-ATX (30.5 x 33.0cm),DDR4,16개,최대 128GB 이상,CrossFire X,PCIe3.0 x16,PCI-Express 3.0 x16,(M.2) 1개,,,,,,,,,,O,,PS/2 콤보 1개,O,,,,751580,http://timg.danawa.com/prod_img/500000/397/095/img/3095397_1.jpg"
"ASUS ROG MAXIMUS IX HERO STCOM,ASUS,인텔 CPU용,인텔(소켓1151),(인텔) Z270,일반-ATX (30.5 x 24.4cm),DDR4,4개,최대 64GB,CrossFire X + SLI,PCIe3.0 x16,PCI-Express 3.0 x16,(M.2) 2개,,,O,O,,,,,,O,O,,O,,,,395000,http://timg.danawa.com/prod_img/500000/765/811/img/4811765_1.jpg"
"ASUS  H110M-K 코잇,ASUS,인텔 CPU용,인텔(소켓1151),(인텔) H110,Micro-ATX (22.6 x 18.3cm),DDR4,2개,최대 32GB,,PCIe3.0 x16,,,O,O,,,,,,,,O,,PS/2 포트 2개,O,,,,68000,http://timg.danawa.com/prod_img/500000/442/950/img/4950442_1.jpg"
"ASRock  Z270 SUPERCARRIER 에즈윈,ASRock,인텔 CPU용,인텔(소켓1151),(인텔) Z270,일반-ATX (30.5 x 24.4cm),DDR4,4개,최대 64GB,Quad CrossFire X + Quad SLI,PCIe3.0 x16,PCI-Express 3.0 x16,(M.2) 3개,,,O,O,O,O,,,,,O,PS/2 콤보 1개,O,,,,463000,http://timg.danawa.com/prod_img/500000/202/893/img/4893202_1.jpg"
"GIGABYTE  GA-B250N-Phoenix WiFi 듀러블에디션 제이씨현,GIGABYTE,인텔 CPU용,인텔(소켓1151),(인텔) B250,M-iTX (17.0x17.0cm),DDR4,2개,최대 32GB,,PCIe3.0 x16,,(M.2) 1개,,,O,O,,,,,,,,PS/2 콤보 1개,O,,O,O,177440,http://timg.danawa.com/prod_img/500000/869/006/img/5006869_1.jpg"
"GIGABYTE  GA-Z270X-Gaming 9 어로스 제이씨현,GIGABYTE,인텔 CPU용,인텔(소켓1151),(인텔) Z270,Extended-ATX (30.5 x 26.4cm),DDR4,4개,최대 64GB,CrossFire X + SLI,PCIe3.0 x16,PCI-Express 3.0 x16,(M.2) 2개,,,O,O,,,,,,O,O,PS/2 콤보 1개,O,,O,O,882190,http://timg.danawa.com/prod_img/500000/529/813/img/4813529_1.jpg"
"ASUS PRIME B250M-K STCOM,ASUS,인텔 CPU용,인텔(소켓1151),(인텔) B250,Micro-ATX (22.6 x 18.5cm),DDR4,2개,최대 32GB,,PCIe3.0 x16,,(M.2) 1개,O,O,,,,,,,,O,,PS/2 포트 2개,O,,,,95000,http://timg.danawa.com/prod_img/500000/463/833/img/4833463_1.jpg"
"ASRock  X99 Taichi 에즈윈,ASRock,인텔 CPU용,인텔(소켓2011-V3),(인텔) X99,일반-ATX (30.5 x 24.4cm),DDR4,8개,최대 128GB 이상,,PCIe3.0 x16,PCI-Express 3.0 x16,(M.2) 2개,,,,,,,,O,,O,O,PS/2 콤보 1개,O,,O,O,333000,http://timg.danawa.com/prod_img/500000/633/282/img/4282633_1.jpg"
"ASUS  H110M-K iBORA (벌크),ASUS,인텔 CPU용,인텔(소켓1151),(인텔) H110,Micro-ATX (24.4 x 24.4cm),DDR4,2개,최대 32GB,,PCIe3.0 x16,,,O,O,,,,,,,,O,,PS/2 포트 2개,O,,,,68620,http://timg.danawa.com/prod_img/500000/738/817/img/4817738_1.jpg"
"GIGABYTE  GA-H81M-D2V 피씨디렉트,GIGABYTE,인텔 CPU용,인텔(소켓1150),(인텔) H81,Micro-ATX (24.4 x 24.4cm),DDR3,2개,최대 16GB,,PCIe x16,없음,,O,O,,,,,,,,O,,PS/2 콤보 1개,,,,,69690,http://timg.danawa.com/prod_img/500000/144/197/img/2197144_1.jpg"
"ASUS PRIME Z270-P iBORA,ASUS,인텔 CPU용,인텔(소켓1151),(인텔) Z270,일반-ATX (30.5 x 22.1cm),DDR4,4개,최대 64GB,CrossFire X,PCIe3.0 x16,PCI-Express 3.0 x16,(M.2) 2개,,O,O,,,,,,,O,,PS/2 포트 2개,O,,,,225960,http://timg.danawa.com/prod_img/500000/236/813/img/4813236_1.jpg"
"GIGABYTE  GA-B250-HD3 듀러블에디션 피씨디렉트,GIGABYTE,인텔 CPU용,인텔(소켓1151),(인텔) B250,일반-ATX (30.5 x 22.5cm),DDR4,4개,최대 64GB,CrossFire X,PCIe3.0 x16,PCI-Express 3.0 x16,(M.2) 1개,O,O,O,,,,,,,O,,PS/2 콤보 1개,O,,,,143670,http://timg.danawa.com/prod_img/500000/851/858/img/4858851_1.jpg"
"BIOSTAR RACING B250 GT5 이엠텍,BIOSTAR,인텔 CPU용,인텔(소켓1151),(인텔) B250,일반-ATX (30.5 x 22.5cm),DDR4,4개,최대 64GB,CrossFire X,PCIe3.0 x16,PCI-Express 3.0 x4,(M.2) 2개,O,O,O,,,,,,,,,PS/2 콤보 1개,O,,,,127000,http://timg.danawa.com/prod_img/500000/449/862/img/4862449_1.jpg"
"ASRock  Z270 Taichi 에즈윈,ASRock,인텔 CPU용,인텔(소켓1151),(인텔) Z270,일반-ATX (24.4 x 30.5cm),DDR4,4개,최대 64GB,CrossFire X + SLI,PCIe3.0 x16,PCI-Express 3.0 x16,(M.2) 3개,,,O,O,,,,,,O,O,PS/2 콤보 1개,O,,O,O,302000,http://timg.danawa.com/prod_img/500000/313/822/img/4822313_1.jpg"
"ASUS PRIME B250-PLUS iBORA,ASUS,인텔 CPU용,인텔(소켓1151),(인텔) B250,일반-ATX (30.5 x 21.8cm),DDR4,4개,최대 64GB,CrossFire X,PCIe3.0 x16,,(M.2) 2개,O,O,O,,,,,,,O,,PS/2 콤보 1개,O,,,,153320,http://timg.danawa.com/prod_img/500000/117/829/img/4829117_1.jpg"
"ASUS PRIME H270-PRO STCOM,ASUS,인텔 CPU용,인텔(소켓1151),(인텔) H270,일반-ATX (30.5 x 22.6cm),DDR4,4개,최대 64GB,CrossFire X,PCIe3.0 x16,PCI-Express 3.0 x16,(M.2) 2개,,O,O,O,,,,,,O,O,PS/2 콤보 1개,O,,,,189770,http://timg.danawa.com/prod_img/500000/253/818/img/4818253_1.jpg"
"MSI  B250M 박격포 아틱,MSI,인텔 CPU용,인텔(소켓1151),(인텔) B250,Micro-ATX (24.4 x 24.4cm),DDR4,4개,최대 64GB,CrossFire,PCIe3.0 x16,,(M.2) 1개,,O,O,O,,,,,,O,,PS/2 콤보 1개,O,,,,126000,http://timg.danawa.com/prod_img/500000/117/820/img/4820117_1.jpg"
"ECS  H110I-C33 코잇,ECS,인텔 CPU용,인텔(소켓1151),(인텔) H110,Mini-iTX (17.0 x 17.0cm),DDR4,2개,최대 32GB,,PCIe3.0 x16,,(M.2) 2개,O,O,O,,,,,,,O,,PS/2 포트 2개,O,,,,87010,http://timg.danawa.com/prod_img/500000/711/013/img/5013711_1.jpg"
"ASUS  H110M-A/M.2 STCOM,ASUS,인텔 CPU용,인텔(소켓1151),(인텔) H110,Micro-ATX (24.4 x 24.4cm),DDR4,2개,최대 32GB,,PCIe3.0 x16,,(M.2) 1개,O,O,O,,,,,,,O,,PS/2 포트 2개,O,,,,77500,http://timg.danawa.com/prod_img/500000/995/057/img/4057995_1.jpg"
"GIGABYTE  GA-H110M-S2PH 듀러블에디션 제이씨현,GIGABYTE,인텔 CPU용,인텔(소켓1151),(인텔) H110,Micro-ATX (24.4 x 24.4cm),DDR4,2개,최대 32GB,,PCIe3.0 x16,,,O,,O,,,,,O,O,O,,PS/2 포트 2개,O,,,,76120,http://timg.danawa.com/prod_img/500000/877/994/img/3994877_1.jpg"
"GIGABYTE  GA-H81M-DS2V 제이씨현,GIGABYTE,인텔 CPU용,인텔(소켓1150),(인텔) H81,Micro-ATX (24.4 x 24.4cm),DDR3,2개,최대 16GB,,PCIe x16,없음,,O,O,,,,,,,,O,,PS/2 콤보 1개,O,,,,67010,http://timg.danawa.com/prod_img/500000/797/275/img/2275797_1.jpg"
"ASUS  B85M-G iBORA,ASUS,인텔 CPU용,인텔(소켓1150),(인텔) B85,Micro-ATX (24.4 x 24.4cm),DDR3,4개,최대 32GB,,PCIe3.0 x16,없음,,O,O,O,,,,,,,O,,PS/2 포트 2개,O,,,,80950,http://timg.danawa.com/prod_img/500000/147/074/img/2074147_1.jpg"
"GIGABYTE  GA-Z270X-Ultra Gaming 게이밍에디션 피씨디렉트,GIGABYTE,인텔 CPU용,인텔(소켓1151),(인텔) Z270,일반-ATX (30.5 x 24.4cm),DDR4,4개,최대 64GB,CrossFire X + SLI,PCIe3.0 x16,PCI-Express 3.0 x16,(M.2) 1개,,O,O,,,,,,,O,O,PS/2 콤보 1개,O,,,,245000,http://timg.danawa.com/prod_img/500000/061/813/img/4813061_1.jpg"
"GIGABYTE  GA-B250M-DS3H 듀러블에디션 제이씨현,GIGABYTE,인텔 CPU용,인텔(소켓1151),(인텔) B250,Micro-ATX (24.4 x 22.5cm),DDR4,4개,최대 64GB,,PCIe3.0 x16,,(M.2) 1개,O,O,O,,,,,,,O,,PS/2 콤보 1개,O,,,,107500,http://timg.danawa.com/prod_img/500000/253/816/img/4816253_1.jpg"
"ASRock  H270 PRO4 디앤디컴,ASRock,인텔 CPU용,인텔(소켓1151),(인텔) H270,일반-ATX (24.4 x 30.5cm),DDR4,4개,최대 64GB,CrossFire X,PCIe3.0 x16,PCI-Express 3.0 x16,(M.2) 3개,O,O,O,,,,,,,O,,PS/2 콤보 1개,O,,,,150000,http://timg.danawa.com/prod_img/500000/873/812/img/4812873_1.jpg"
"GIGABYTE  GA-B150M-DS3H 듀러블에디션 제이씨현,GIGABYTE,인텔 CPU용,인텔(소켓1151),(인텔) B150,Micro-ATX (24.4 x 24.4cm),DDR4,4개,최대 64GB,,PCIe3.0 x16,,(M.2) 1개,O,O,O,,,,,,,O,,PS/2 콤보 1개,O,,,,89000,http://timg.danawa.com/prod_img/500000/714/536/img/3536714_1.jpg"
"ASUS ROG MAXIMUS IX EXTREME iBORA,ASUS,인텔 CPU용,인텔(소켓1151),(인텔) Z270,E-ATX (30.5x27.2cm),DDR4,4개,최대 64GB,CrossFire X + SLI(Quad),PCIe3.0 x16,PCI-Express 3.0 x8,(M.2) 2개,,,O,O,,,,,,O,O,PS/2 없음,O,,,O,974980,http://timg.danawa.com/prod_img/500000/315/977/img/4977315_1.jpg"
"ASRock  Z270 Gaming-ITX/ac 디앤디컴,ASRock,인텔 CPU용,인텔(소켓1151),(인텔) Z270,Mini-iTX (17.0 x 17.0cm),DDR4,2개,최대 32GB,,PCIe3.0 x16,,(M.2) 2개,,,O,O,O,,,,,,O,PS/2 콤보 1개,O,,O,O,282000,http://timg.danawa.com/prod_img/500000/281/852/img/4852281_1.jpg"
"ECS DURATHON2 H110M4-C21 코잇,ECS,인텔 CPU용,인텔(소켓1151),(인텔) H110,Micro-ATX (24.4 x 24.4cm),DDR4,2개,최대 32GB,,,,,,,,,,,,,,,,PS/2 포트 2개,O,,,,56610,http://timg.danawa.com/prod_img/500000/122/627/img/4627122_1.jpg"
"ASUS  H110M-K STCOM,ASUS,인텔 CPU용,인텔(소켓1151),(인텔) H110,Micro-ATX (24.4 x 24.4cm),DDR4,2개,최대 32GB,,,,,O,O,,,,,,,,O,,PS/2 포트 2개,O,,,,68000,http://timg.danawa.com/prod_img/500000/546/548/img/3548546_1.jpg"
"ASRock  B250 PRO4 디앤디컴,ASRock,인텔 CPU용,인텔(소켓1151),(인텔) B250,일반-ATX (22.4 x 30.5cm),DDR4,4개,최대 64GB,CrossFire X,PCIe3.0 x16,PCI-Express 3.0 x16,(M.2) 2개,O,O,O,,,,,,,O,,PS/2 콤보 1개,O,,,,135000,http://timg.danawa.com/prod_img/500000/530/812/img/4812530_1.jpg"
"GIGABYTE  GA-Z270X-Gaming 7 어로스 피씨디렉트,GIGABYTE,인텔 CPU용,인텔(소켓1151),(인텔) Z270,일반-ATX (30.5 x 24.4cm),DDR4,4개,최대 64GB,CrossFire X + SLI,PCIe3.0 x16,PCI-Express 3.0 x16,(M.2) 2개,,,O,O,,,,,,O,O,PS/2 콤보 1개,O,,,,377400,http://timg.danawa.com/prod_img/500000/070/811/img/4811070_1.jpg"
"MSI  X99A MPOWER 웨이코스,MSI,인텔 CPU용,인텔(소켓2011-V3),(인텔) X99,일반-ATX (30.5 x 24.4cm),DDR4,8개,최대 128GB 이상,CrossFire X,PCIe3.0 x16,PCI-Express 3.0 x16,(M.2) 1개,,,,,,,,,,O,O,PS/2 콤보 1개,O,,,,364910,http://timg.danawa.com/prod_img/500000/125/135/img/3135125_1.jpg"
"MSI  B250I 게이밍 프로 AC,MSI,인텔 CPU용,인텔(소켓1151),(인텔) B250,Mini-iTX (17.0 x 17.0cm),DDR4,2개,최대 32GB,,,,(M.2) 2개,,O,O,,,,,,,O,,PS/2 콤보 1개,O,,,,159220,http://timg.danawa.com/prod_img/500000/556/838/img/4838556_1.jpg"
"MSI  Z270 토마호크 아틱,MSI,인텔 CPU용,인텔(소켓1151),(인텔) Z270,일반-ATX (30.4 x 24.3cm),DDR4,4개,최대 64GB,CrossFire X + SLI,PCIe3.0 x16,PCI-Express 3.0 x16,(M.2) 2개,,O,O,,,,,,,O,O,PS/2 콤보 1개,O,,,,220860,http://timg.danawa.com/prod_img/500000/517/906/img/4906517_1.jpg"
"GIGABYTE  GA-B150M-D3H 듀러블에디션 제이씨현,GIGABYTE,인텔 CPU용,인텔(소켓1151),(인텔) B150,Micro-ATX (24.4 x 24.4cm),DDR4,4개,최대 64GB,CrossFire X,PCIe3.0 x16,PCI-Express 3.0 x16,(M.2) 1개,O,O,O,,,,,,,O,,PS/2 콤보 1개,O,,,,99710,http://timg.danawa.com/prod_img/500000/681/403/img/3403681_1.jpg"
"GIGABYTE  GA-H110N 듀러블에디션 제이씨현,GIGABYTE,인텔 CPU용,인텔(소켓1151),(인텔) H110,Mini-iTX (17.0 x 17.0cm),DDR4,2개,최대 32GB,,PCIe3.0 x16,,(M.2) 1개,O,O,O,,,,,,,O,,PS/2 콤보 1개,O,,,,113000,http://timg.danawa.com/prod_img/500000/044/825/img/3825044_1.jpg"
"ASRock  B250M-HDV 디앤디컴,ASRock,인텔 CPU용,인텔(소켓1151),(인텔) B250,Micro-ATX (18.2 x 22.5cm),DDR4,2개,최대 32GB,,PCIe3.0 x16,,(M.2) 1개,O,O,O,,,,,,,O,,PS/2 콤보 1개,O,,,,94800,http://timg.danawa.com/prod_img/500000/740/812/img/4812740_1.jpg"
"Supermicro 슈퍼오 C7-B250-CB-MK STCOM,Supermicro,인텔 CPU용,인텔(소켓1151),(인텔) B250,Micro-ATX (24.4 x 24.4cm),DDR4,2개,최대 32GB,,PCIe3.0 x16,PCI-Express 3.0 x4,(M.2) 1개,,O,O,O,,,,,,O,,PS/2 콤보 1개,O,,,,95420,http://timg.danawa.com/prod_img/500000/804/200/img/5200804_1.jpg"
"GIGABYTE  GA-B250M-D2V 듀러블에디션 제이씨현,GIGABYTE,인텔 CPU용,인텔(소켓1151),(인텔) B250,Micro-ATX (22.6 x 17.4cm),DDR4,2개,최대 32GB,,PCIe3.0 x16,,,O,O,,,,,,,,O,,PS/2 포트 2개,O,,,,98800,http://timg.danawa.com/prod_img/500000/538/823/img/4823538_1.jpg"
"MSI  Z270 XPOWER 게이밍 티타늄,MSI,인텔 CPU용,인텔(소켓1151),(인텔) Z270,일반-ATX (30.5 x 24.4cm),DDR4,4개,최대 64GB,CrossFire + SLI,PCIe3.0 x16,PCI-Express 3.0 x16,(M.2) 3개,,,O,O,,,,,,O,O,PS/2 콤보 1개,O,,,,549000,http://timg.danawa.com/prod_img/500000/202/820/img/4820202_1.jpg"
"ASRock  B150M PRO4/HYPER 디앤디컴,ASRock,인텔 CPU용,인텔(소켓1151),(인텔) B150,Micro-ATX (24.4 x 24.4cm),DDR4,4개,최대 64GB,CrossFire X,PCIe3.0 x16,PCI-Express 3.0 x16,(M.2) 1개,O,O,O,,,,,,,O,,PS/2 콤보 1개,O,,,,98640,http://timg.danawa.com/prod_img/500000/041/093/img/4093041_1.jpg"
"GIGABYTE  GA-H270-Gaming 3 게이밍에디션 제이씨현,GIGABYTE,인텔 CPU용,인텔(소켓1151),(인텔) H270,일반-ATX (30.5 x 24.4cm),DDR4,4개,최대 64GB,CrossFire X,PCIe3.0 x16,PCI-Express 3.0 x16,(M.2) 2개,,O,O,,,,,,,O,O,PS/2 콤보 1개,O,,,,183800,http://timg.danawa.com/prod_img/500000/763/818/img/4818763_1.jpg"
"ASUS PRIME H270M-PLUS iBORA,ASUS,인텔 CPU용,인텔(소켓1151),(인텔) H270,Micro-ATX (24.38 x 23.88cm),DDR4,4개,최대 64GB,CrossFire X,PCIe3.0 x16,PCI-Express 3.0 x16,(M.2) 2개,O,O,O,,,,,,,O,,PS/2 콤보 1개,O,,,,159750,http://timg.danawa.com/prod_img/500000/595/829/img/4829595_1.jpg"
"ASUS  X99-E-10G WS STCOM,ASUS,인텔 CPU용,인텔(소켓2011-V3),(인텔) X99,Extended-ATX (30.5 x 26.7cm),DDR4,8개,최대 128GB 이상,CrossFire X + SLI,PCIe3.0 x16,PCI-Express 3.0 x16,(M.2) 1개,,,,,,,,,,O,O,,O,,,,903830,http://timg.danawa.com/prod_img/500000/514/087/img/5087514_1.jpg"
"ASRock  J3455-ITX 에즈윈,ASRock,인텔 CPU용,인텔(CPU내장),(인텔)셀러론 J3455,Mini-iTX (17.0 x 17.0cm),DDR3/DDR3L(노트북용),2개,최대 16GB,,,,(M.2) 1개,O,O,O,,,,,,,,,PS/2 포트 2개,O,,,,119000,http://timg.danawa.com/prod_img/500000/985/617/img/4617985_1.jpg"
"ASRock  Z270M PRO4 디앤디컴,ASRock,인텔 CPU용,인텔(소켓1151),(인텔) Z270,Micro-ATX (24.4 x 24.4cm),DDR4,4개,최대 64GB,CrossFire X,PCIe3.0 x16,PCI-Express 3.0 x16,(M.2) 2개,O,O,O,,,,,,,O,,PS/2 포트 2개,O,,,,169000,http://timg.danawa.com/prod_img/500000/118/813/img/4813118_1.jpg"
"ASRock  H270M-ITX/ac 디앤디컴,ASRock,인텔 CPU용,인텔(소켓1151),(인텔) H270,Mini-iTX (17.0 x 17.0cm),DDR4,2개,최대 32GB,,PCIe3.0 x16,,(M.2) 1개,,O,O,,,,,,,O,,PS/2 콤보 1개,O,,,,183160,http://timg.danawa.com/prod_img/500000/957/812/img/4812957_1.jpg"
"ASUS  B85M-G STCOM,ASUS,인텔 CPU용,인텔(소켓1150),(인텔) B85,Micro-ATX (24.4 x 24.4cm),DDR3,4개,최대 32GB,,PCIe3.0 x16,없음,,O,O,O,,,,,,,O,,PS/2 포트 2개,O,,,,79880,http://timg.danawa.com/prod_img/500000/130/074/img/2074130_1.jpg"
"Supermicro 슈퍼오 C7-Z270-PG STCOM,Supermicro,인텔 CPU용,인텔(소켓1151),(인텔) Z270,일반-ATX (30.5 x 24.4cm),DDR4,4개,최대 64GB,,PCIe3.0 x16,,(M.2) 2개,,,O,O,,,,,,O,O,PS/2 콤보 1개,O,,,,392870,http://timg.danawa.com/prod_img/500000/716/815/img/4815716_1.jpg"
"ECS  ESSENTIALS H81H3-I HDMI 코잇,ECS,인텔 CPU용,인텔(소켓1150),(인텔) H81,Mini-iTX (17.0 x 17.0cm),DDR3,2개,최대 16GB,,PCIe x16,없음,,O,,O,,,,,,,O,,PS/2 포트 2개,O,,,,72910,http://timg.danawa.com/prod_img/500000/237/367/img/2367237_1.jpg"
"마이크로닉스  TH110-HM (120W 파워어댑터 포함),마이크로닉스,인텔 CPU용,인텔(소켓1151),(인텔) H110,Mini-iTX (17.0 x 17.0cm),DDR3/DDR3L,2개,최대 32GB,,,,,,,O,,,,,,,,,,O,,,,155460,http://timg.danawa.com/prod_img/500000/983/710/img/4710983_1.jpg"
"Supermicro 슈퍼오 C7-Z270-CG STCOM,Supermicro,인텔 CPU용,인텔(소켓1151),(인텔) Z270,일반-ATX (30.5 x 24.4cm),DDR4,4개,최대 64GB,,PCIe3.0 x16,,(M.2) 2개,,O,O,O,,,,,,,O,PS/2 콤보 1개,O,,,,312130,http://timg.danawa.com/prod_img/500000/924/815/img/4815924_1.jpg"
"ASRock  B250 PRO4 에즈윈,ASRock,인텔 CPU용,인텔(소켓1151),(인텔) B250,일반-ATX (30.5 x 22cm),DDR4,4개,최대 64GB,CrossFire X,PCIe3.0 x16,PCI-Express 3.0 x16,(M.2) 1개,O,O,O,,,,,,,O,,PS/2 콤보 1개,O,,,,135000,http://timg.danawa.com/prod_img/500000/070/812/img/4812070_1.jpg"
"ASUS ROG STRIX Z270G GAMING iBORA,ASUS,인텔 CPU용,인텔(소켓1151),(인텔) Z270,Micro-ATX (24.4 x 24.4cm),DDR4,4개,최대 64GB,CrossFire X + SLI,PCIe3.0 x16,PCI-Express 3.0 x16,(M.2) 2개,,,O,O,,,,,,O,O,PS/2 콤보 1개,O,,O,O,349520,http://timg.danawa.com/prod_img/500000/617/810/img/4810617_1.jpg"
"MSI  H110I PRO 웨이코스,MSI,인텔 CPU용,인텔(소켓1151),(인텔) H110,Mini-iTX (17.0 x 17.0cm),DDR4,2개,최대 32GB,,PCIe3.0 x16,,(M.2) 1개,,O,O,,,,,,,O,,PS/2 콤보 1개,O,,,,97000,http://timg.danawa.com/prod_img/500000/632/619/img/3619632_1.jpg"
"GIGABYTE  GA-B250M-D3H 듀러블에디션 제이씨현,GIGABYTE,인텔 CPU용,인텔(소켓1151),(인텔) B250,Micro-ATX (24.4 x 22.5cm),DDR4,4개,최대 64GB,CrossFire X,PCIe3.0 x16,PCI-Express 3.0 x16,(M.2) 1개,O,O,O,O,,,,,,O,,PS/2 콤보 1개,O,,,,124000,http://timg.danawa.com/prod_img/500000/200/816/img/4816200_1.jpg"
"MSI  Z270 게이밍 프로 카본,MSI,인텔 CPU용,인텔(소켓1151),(인텔) Z270,일반-ATX (30.4 x 24.3cm),DDR4,4개,최대 64GB,CrossFire + SLI,PCIe3.0 x16,PCI-Express 3.0 x16,(M.2) 2개,,O,O,,,,,,,O,O,PS/2 콤보 1개,O,,,,273000,http://timg.danawa.com/prod_img/500000/531/817/img/4817531_1.jpg"
"MSI  B250M PRO-VD,MSI,인텔 CPU용,인텔(소켓1151),(인텔) B250,Micro-ATX (22.6 x 18.5cm),DDR4,2개 이하,최대 32GB,,,,(M.2) 1개,O,O,,,,,,,,O,,PS/2 콤보 1개,O,,,,92000,http://timg.danawa.com/prod_img/500000/382/817/img/4817382_1.jpg"
"ASRock  H81M-DGS R2.0 디앤디컴,ASRock,인텔 CPU용,인텔(소켓1150),(인텔) H81,Micro-ATX (24.4 x 24.4cm),DDR3,2개,최대 16GB,,PCIe x16,없음,,O,O,,,,,,,,O,,PS/2 콤보 1개,O,,,,57000,http://timg.danawa.com/prod_img/500000/804/372/img/2372804_1.jpg"
"MSI  H270M 박격포 아틱,MSI,인텔 CPU용,인텔(소켓1151),(인텔) H270,Micro-ATX (24.4 x 24.4cm),DDR4,4개,최대 64GB,CrossFire,PCIe3.0 x16,,(M.2) 1개,,O,O,O,,,,,,O,,PS/2 콤보 1개,O,,,,159000,http://timg.danawa.com/prod_img/500000/633/823/img/4823633_1.jpg"
"GIGABYTE  GA-H110M-A 듀러블에디션 제이씨현,GIGABYTE,인텔 CPU용,인텔(소켓1151),(인텔) H110,Micro-ATX (24.4 x 24.4cm),DDR4,2개,최대 32GB,,PCIe3.0 x16,,,,,O,,,,,,,O,,PS/2 포트 2개,O,,,,71970,http://timg.danawa.com/prod_img/500000/489/495/img/3495489_1.jpg"
"GIGABYTE  GA-H110M-S2H 듀러블에디션 제이씨현,GIGABYTE,인텔 CPU용,인텔(소켓1151),(인텔) H110,Micro-ATX (24.4 x 24.4cm),DDR4,2개,최대 32GB,,PCIe3.0 x16,,,O,O,O,,,,,,,O,,PS/2 포트 2개,O,,,,78480,http://timg.danawa.com/prod_img/500000/455/495/img/3495455_1.jpg"
"GIGABYTE  GA-H110M-HD2 듀러블에디션 피씨디렉트,GIGABYTE,인텔 CPU용,인텔(소켓1151),(인텔) H110,Micro-ATX (24.4 x 24.4cm),DDR4,2개,최대 32GB,,PCIe3.0 x16,,,O,O,O,,,,,,,O,,PS/2 포트 2개,O,,,,77000,http://timg.danawa.com/prod_img/500000/985/172/img/4172985_1.jpg"
"ASUS  RAMPAGE V EDITION 10 STCOM,ASUS,인텔 CPU용,인텔(소켓2011-V3),(인텔) X99,Extended-ATX (30.5 x 33.0cm),DDR4,8개,최대 128GB 이상,CrossFire X,PCIe3.0 x16,PCI-Express 3.0 x16,(M.2) 1개,,,,,,,,,,O,O,PS/2 콤보 1개,O,,O,O,805190,http://timg.danawa.com/prod_img/500000/584/146/img/4146584_1.jpg"
"GIGABYTE  GA-Z270-Gaming K3 게이밍에디션 제이씨현,GIGABYTE,인텔 CPU용,인텔(소켓1151),(인텔) Z270,일반-ATX (30.5 x 24.4cm),DDR4,4개,최대 64GB,CrossFire X,PCIe3.0 x16,PCI-Express 3.0 x16,(M.2) 1개,,O,O,,,,,,,O,O,PS/2 콤보 1개,O,,,,213500,http://timg.danawa.com/prod_img/500000/895/813/img/4813895_1.jpg"
"ASRock  Z270 PRO4 디앤디컴,ASRock,인텔 CPU용,인텔(소켓1151),(인텔) Z270,일반-ATX (22.4 x 30.5cm),DDR4,4개,최대 64GB,CrossFire X,PCIe3.0 x16,PCI-Express 3.0 x16,(M.2) 3개,O,O,O,,,,,,,O,,PS/2 콤보 1개,O,,,,178000,http://timg.danawa.com/prod_img/500000/083/813/img/4813083_1.jpg"
"ASRock  H270M PRO4 디앤디컴,ASRock,인텔 CPU용,인텔(소켓1151),(인텔) H270,Micro-ATX (24.4 x 24.4cm),DDR4,4개,최대 64GB,CrossFire X,PCIe3.0 x16,PCI-Express 3.0 x16,(M.2) 2개,O,O,O,,,,,,,O,,PS/2 포트 2개,O,,,,140000,http://timg.danawa.com/prod_img/500000/931/812/img/4812931_1.jpg"
"ASRock  H110M-DGS 디앤디컴 (벌크),ASRock,인텔 CPU용,인텔(소켓1151),(인텔) H110,Micro-ATX (24.4 x 24.4cm),DDR4,2개,최대 32GB,,,,,,O,,,,,,,,O,,PS/2 포트 2개,O,,,,62500,http://timg.danawa.com/prod_img/500000/970/604/img/3604970_1.jpg"
"MSI  Z270 게이밍 M7,MSI,인텔 CPU용,인텔(소켓1151),(인텔) Z270,일반-ATX (30.5 x 24.4cm),DDR4,4개,최대 64GB,CrossFire + SLI,PCIe3.0 x16,PCI-Express 3.0 x16,(M.2) 3개,,,O,O,,,,,,O,O,PS/2 콤보 1개,O,,,,379000,http://timg.danawa.com/prod_img/500000/145/820/img/4820145_1.jpg"
"ASUS ROG MAXIMUS IX FORMULA STCOM,ASUS,인텔 CPU용,인텔(소켓1151),(인텔) Z270,일반-ATX (30.5 x 24.4cm),DDR4,4개,최대 64GB,CrossFire X + SLI,PCIe3.0 x16,PCI-Express 3.0 x16,(M.2) 2개,,,O,O,,,,,,O,O,,O,,O,O,646000,http://timg.danawa.com/prod_img/500000/746/811/img/4811746_1.jpg"
"ASUS ROG MAXIMUS IX FORMULA iBORA,ASUS,인텔 CPU용,인텔(소켓1151),(인텔) Z270,일반-ATX (30.5 x 24.4cm),DDR4,4개,최대 64GB,CrossFire X + SLI,PCIe3.0 x16,PCI-Express 3.0 x16,(M.2) 2개,,,O,O,,,,,,O,O,,O,,O,O,607910,http://timg.danawa.com/prod_img/500000/446/810/img/4810446_1.jpg"
"ASUS  RAMPAGE V EDITION 10 iBORA,ASUS,인텔 CPU용,인텔(소켓2011-V3),(인텔) X99,Extended-ATX (30.5 x 33.0cm),DDR4,8개,최대 128GB 이상,CrossFire X,PCIe3.0 x16,PCI-Express 3.0 x16,(M.2) 1개,,,,,,,,,,O,O,PS/2 콤보 1개,O,,O,O,770880,http://timg.danawa.com/prod_img/500000/933/124/img/4124933_1.jpg"
"ASUS PRIME B250-PLUS STCOM,ASUS,인텔 CPU용,인텔(소켓1151),(인텔) B250,일반-ATX (30.5 x 21.8cm),DDR4,4개,최대 64GB,CrossFire X,PCIe3.0 x16,PCI-Express 3.0 x16,(M.2) 2개,O,O,O,,,,,,,O,,PS/2 콤보 1개,O,,,,161900,http://timg.danawa.com/prod_img/500000/591/833/img/4833591_1.jpg"
"GIGABYTE  GA-X99P-SLI 듀러블에디션 썬더볼트 제이씨현,GIGABYTE,인텔 CPU용,인텔(소켓2011-V3),(인텔) X99,일반-ATX (30.5 x 24.4cm),DDR4,8개,최대 128GB 이상,CrossFire X + SLI,PCIe3.0 x16,PCI-Express 3.0 x16,(M.2) 1개,,,,O,O,,,,,O,O,PS/2 콤보 1개,O,,,,355960,http://timg.danawa.com/prod_img/500000/145/987/img/3987145_1.jpg"
"GIGABYTE  GA-Z170M-D3H 듀러블에디션 제이씨현,GIGABYTE,인텔 CPU용,인텔(소켓1151),(인텔) Z170,Micro-ATX (24.4 x 24.4cm),DDR4,4개,최대 64GB,CrossFire X + SLI,PCIe3.0 x16,PCI-Express 3.0 x16,(M.2) 1개,O,O,O,,O,,,,,O,,PS/2 콤보 1개,O,,,,165110,http://timg.danawa.com/prod_img/500000/345/352/img/3352345_1.jpg"
"ASRock  Z270 PRO4 에즈윈,ASRock,인텔 CPU용,인텔(소켓1151),(인텔) Z270,일반-ATX (30.5 x 22cm),DDR4,4개,최대 64GB,CrossFire X,PCIe3.0 x16,PCI-Express 3.0 x16,(M.2) 2개,O,O,O,,,,,,,O,,PS/2 포트 2개,O,,,,178000,http://timg.danawa.com/prod_img/500000/320/812/img/4812320_1.jpg"
"ASUS  H110-PLUS STCOM,ASUS,인텔 CPU용,인텔(소켓1151),(인텔) H110,일반-ATX (30.5 x 24.4cm),DDR4,2개,최대 32GB,,,,,O,O,,,,,,,O,O,,PS/2 포트 2개,O,,,,98000,http://timg.danawa.com/prod_img/500000/426/676/img/3676426_1.jpg"
"ASUS PRIME B250M-PLUS 코잇,ASUS,인텔 CPU용,인텔(소켓1151),(인텔) B250,Micro-ATX (24.4 x 22.4cm),DDR4,4개,최대 64GB,CrossFire X,PCIe3.0 x16,PCI-Express 3.0 x16,(M.2) 2개,O,O,O,,,,,,,O,,PS/2 콤보 1개,O,,,,128660,http://timg.danawa.com/prod_img/500000/471/843/img/4843471_1.jpg"
"Supermicro 슈퍼오 C7-Q270-CB-ML STCOM,Supermicro,인텔 CPU용,인텔(소켓1151),(인텔) Q270,Micro-ATX (24.4 x 24.4cm),DDR4,4개,최대 64GB,,PCIe3.0 x16,,(M.2) 1개,,O,O,O,,,,,,O,,PS/2 콤보 1개,O,,,,192000,http://timg.danawa.com/prod_img/500000/019/816/img/4816019_1.jpg"
"ASUS PRIME Z270-K iBORA,ASUS,인텔 CPU용,인텔(소켓1151),(인텔) Z270,일반-ATX (30.5 x 24.4cm),DDR4,4개,최대 64GB,CrossFire X,PCIe3.0 x16,PCI-Express 3.0 x16,(M.2) 2개,O,O,O,,,,,,,O,O,PS/2 콤보 1개,O,,,,218720,http://timg.danawa.com/prod_img/500000/155/813/img/4813155_1.jpg"
"Supermicro 슈퍼오 C7-Z270-CG-L STCOM,Supermicro,인텔 CPU용,인텔(소켓1151),(인텔) Z270,일반-ATX (30.5 x 24.4cm),DDR4,4개,최대 64GB,,PCIe3.0 x16,,(M.2) 2개,,O,O,O,,,,,,O,O,PS/2 콤보 1개,O,,,,241140,http://timg.danawa.com/prod_img/500000/883/815/img/4815883_1.jpg"
"Supermicro 슈퍼오 C7-H270-CG-ML STCOM,Supermicro,인텔 CPU용,인텔(소켓1151),(인텔) H270,Micro-ATX (24.4 x 24.4cm),DDR4,4개,최대 64GB,,PCIe3.0 x16,,(M.2) 1개,,O,O,O,,,,,,O,,PS/2 콤보 1개,O,,,,167440,http://timg.danawa.com/prod_img/500000/048/816/img/4816048_1.jpg"
"ASRock  H110M-ITX/ac 에즈윈,ASRock,인텔 CPU용,인텔(소켓1151),(인텔) H110,Mini-iTX (17.0 x 17.0cm),DDR4,2개,최대 32GB,,PCIe3.0 x16,없음,,,O,O,,,,,,,O,,PS/2 콤보 1개,O,,O,O,117940,http://timg.danawa.com/prod_img/500000/845/714/img/3714845_1.jpg"
"ASUS ROG STRIX Z270F GAMING STCOM,ASUS,인텔 CPU용,인텔(소켓1151),(인텔) Z270,일반-ATX (30.5 x 24.4cm),DDR4,4개,최대 64GB,CrossFire X + SLI,PCIe3.0 x16,PCI-Express 3.0 x16,(M.2) 2개,,O,O,O,,,,,,O,O,PS/2 콤보 1개,O,,,,279000,http://timg.danawa.com/prod_img/500000/943/811/img/4811943_1.jpg"
"GIGABYTE  GA-N3150N-D3V 듀러블에디션 제이씨현,GIGABYTE,인텔 CPU용,인텔(CPU내장),,Mini-iTX (17.0 x 17.0cm),DDR3 노트북용,2개,최대 8GB,,없음,없음,(M.2) 1개,O,O,,,,,,O,,O,,PS/2 포트 2개,O,,,,119440,http://timg.danawa.com/prod_img/500000/315/076/img/4076315_1.jpg"
"GIGABYTE  GA-H270-HD3 듀러블에디션 피씨디렉트,GIGABYTE,인텔 CPU용,인텔(소켓1151),(인텔) H270,일반-ATX (30.5 x 24.4cm),DDR4,4개,최대 64GB,CrossFire X,PCIe3.0 x16,PCI-Express 3.0 x16,(M.2) 1개,O,O,O,,,,,,,O,,PS/2 콤보 1개,O,,,,159750,http://timg.danawa.com/prod_img/500000/227/848/img/4848227_1.jpg"
"ASRock  Z270 Gaming-ITX/ac 에즈윈,ASRock,인텔 CPU용,인텔(소켓1151),(인텔) Z270,Mini-iTX (17.0 x 17.0cm),DDR4,2개,최대 32GB,,PCIe3.0 x16,,(M.2) 2개,,,O,O,O,,,,,,O,PS/2 콤보 1개,O,,O,O,281000,http://timg.danawa.com/prod_img/500000/649/841/img/4841649_1.jpg"
"ASRock  B85M PRO4 디앤디컴,ASRock,인텔 CPU용,인텔(소켓1150),(인텔) B85,Micro-ATX (24.4 x 24.4cm),DDR3,4개,최대 32GB,CrossFire X,PCIe3.0 x16,PCI-Express x16,,O,O,O,,,,,,,O,,키보드 포트 1개,O,,,,81100,http://timg.danawa.com/prod_img/500000/296/057/img/2057296_1.jpg"
"ASUS ROG STRIX Z270F GAMING 코잇,ASUS,인텔 CPU용,인텔(소켓1151),(인텔) Z270,일반-ATX (30.5 x 23.4cm),DDR4,4개,최대 64GB,CrossFire X + SLI,PCIe3.0 x16,PCI-Express 3.0 x16,(M.2) 2개,,O,O,O,,,,,,O,O,PS/2 콤보 1개,O,,,,258180,http://timg.danawa.com/prod_img/500000/915/814/img/4814915_1.jpg"
"ASRock  Z270 Taichi 디앤디컴,ASRock,인텔 CPU용,인텔(소켓1151),(인텔) Z270,일반-ATX (24.4 x 30.5cm),DDR4,4개,최대 64GB,CrossFire X + SLI,PCIe3.0 x16,PCI-Express 3.0 x16,(M.2) 3개,,,O,O,,,,,,O,O,PS/2 콤보 1개,O,,O,O,304000,http://timg.danawa.com/prod_img/500000/691/839/img/4839691_1.jpg"
"MSI  Z270 MPOWER 게이밍 티타늄,MSI,인텔 CPU용,인텔(소켓1151),(인텔) Z270,ATX (30.5x24.4cm),DDR4,4개,최대 64GB,CrossFire X + SLI,PCIe3.0 x16,PCI-Express 3.0 x16,(M.2) 3개,,,O,O,,,,,,O,O,PS/2 콤보 1개,O,,,,457650,http://timg.danawa.com/prod_img/500000/461/054/img/5054461_1.jpg"
"ASUS  Z270-WS iBORA,ASUS,인텔 CPU용,인텔(소켓1151),(인텔) Z270,일반-ATX (30.5 x 24.4cm),DDR4,4개,최대 64GB,CrossFire X + SLI,PCIe3.0 x16,PCI-Express 3.0 x16,(M.2) 2개,,,O,O,,,,,,O,O,,O,,,,647370,http://timg.danawa.com/prod_img/500000/541/148/img/5148541_1.jpg"
"ASRock  H110M-HDV 디앤디컴,ASRock,인텔 CPU용,인텔(소켓1151),(인텔) H110,Micro-ATX (23.0 x 18.2cm),DDR4,2개,최대 32GB,,,,,O,O,O,,,,,,,O,,PS/2 콤보 1개,O,,,,74000,http://timg.danawa.com/prod_img/500000/576/455/img/3455576_1.jpg"
"ASUS  P10S WS STCOM,ASUS,인텔 CPU용,인텔(소켓1151),(인텔) C236,일반-ATX (30.5 x 24.4cm),DDR4,4개,최대 64GB,CrossFire X,PCIe3.0 x16,PCI-Express 3.0 x16,(M.2) 2개,O,O,O,O,,,,,,O,O,PS/2 없음,O,,,,330550,http://timg.danawa.com/prod_img/500000/191/875/img/3875191_1.jpg"
"ASRock  Z170M ITX/ac 에즈윈,ASRock,인텔 CPU용,인텔(소켓1151),(인텔) Z170,Mini-iTX (17.0 x 17.0cm),DDR4,2개,최대 32GB,,PCIe3.0 x16,,,,O,O,O,,,,,,O,,PS/2 콤보 1개,O,,O,O,154540,http://timg.danawa.com/prod_img/500000/980/417/img/3417980_1.jpg"
"ECS DURATHON2 H110M4-C2D 코잇,ECS,인텔 CPU용,인텔(소켓1151),(인텔) H110,Micro-ATX (24.4 x 24.4cm),DDR4,2개,최대 32GB,,,,,,O,O,,,,,,,O,,PS/2 포트 2개,O,,,,57360,http://timg.danawa.com/prod_img/500000/626/387/img/4387626_1.jpg"
"ASRock  H110M-DVS R2.0 에즈윈 (벌크),ASRock,인텔 CPU용,인텔(소켓1151),(인텔) H110,Micro-ATX (24.4 x 24.4cm),DDR4,2개,최대 32GB,,,,,O,O,,,,,,,,O,,PS/2 콤보 1개,O,,,,63260,http://timg.danawa.com/prod_img/500000/916/108/img/5108916_1.jpg"
"ASRock  Z270 Professional Gaming i7 에즈윈,ASRock,인텔 CPU용,인텔(소켓1151),(인텔) Z270,일반-ATX (30.5 x 24.4cm),DDR4,4개,최대 64GB,CrossFire X + SLI,PCIe3.0 x16,PCI-Express 3.0 x16,(M.2) 3개,,,O,O,,,,,,O,,PS/2 콤보 1개,O,,,,375000,http://timg.danawa.com/prod_img/500000/701/991/img/4991701_1.jpg"
"ECS DURATHON2 H110M4-C3D 코잇,ECS,인텔 CPU용,인텔(소켓1151),(인텔) H110,Micro-ATX (24.4 x 24.4cm),DDR4,2개,최대 32GB,,,,,O,,O,,,,,,,O,,PS/2 포트 2개,O,,,,60040,http://timg.danawa.com/prod_img/500000/355/683/img/3683355_1.jpg"
"BIOSTAR RACING Z270 GT9 이엠텍,BIOSTAR,인텔 CPU용,인텔(소켓1151),(인텔) Z270,일반-ATX (30.5 x 24.4cm),DDR4,4개,최대 64GB,CrossFire X,PCIe3.0 x8,PCI-Express 3.0 x8,(M.2) 1개,,,O,O,,,,,,O,,PS/2 콤보 1개,O,O,,,446020,http://timg.danawa.com/prod_img/500000/456/862/img/4862456_1.jpg"
"ASRock  Z270 EXTREME 4 디앤디컴,ASRock,인텔 CPU용,인텔(소켓1151),(인텔) Z270,일반-ATX (24.4 x 30.5cm),DDR4,4개,최대 64GB,CrossFire X + SLI,PCIe3.0 x16,PCI-Express 3.0 x16,(M.2) 3개,O,O,O,,,,,,,O,,PS/2 콤보 1개,O,,,,220000,http://timg.danawa.com/prod_img/500000/999/812/img/4812999_1.jpg"
"ASUS  X99-E STCOM,ASUS,인텔 CPU용,인텔(소켓2011-V3),(인텔) X99,Extended-ATX (30.5 x 33.0cm),DDR4,8개,최대 128GB 이상,CrossFire X + SLI,PCIe3.0 x16,PCI-Express 3.0 x16,(M.2) 1개,,,,,,,,,,O,O,PS/2 콤보 1개,,,,,365990,http://timg.danawa.com/prod_img/500000/982/318/img/4318982_1.jpg"
"GIGABYTE  GA-Z270MX-Gaming 5 게이밍에디션 제이씨현,GIGABYTE,인텔 CPU용,인텔(소켓1151),(인텔) Z270,Micro-ATX (24.4 x 24.4cm),DDR4,4개,최대 64GB,CrossFire X + SLI,PCIe3.0 x16,PCI-Express 3.0 x16,(M.2) 1개,,,O,O,,,,,,O,O,PS/2 콤보 1개,O,,,,279830,http://timg.danawa.com/prod_img/500000/841/818/img/4818841_1.jpg"
"MSI  Z270 토마호크,MSI,인텔 CPU용,인텔(소켓1151),(인텔) Z270,일반-ATX (30.4 x 24.3cm),DDR4,4개,최대 64GB,CrossFire,PCIe3.0 x16,,(M.2) 2개,,O,O,,,,,,,O,O,PS/2 콤보 1개,O,,,,209000,http://timg.danawa.com/prod_img/500000/209/875/img/4875209_1.jpg"
"ASUS STRIX B250G GAMING STCOM,ASUS,인텔 CPU용,인텔(소켓1151),(인텔) B250,M-ATX (24.4x21.8cm),DDR4,4개,최대 64GB,,,,(M.2) 2개,,O,O,,,,,,,O,,PS/2 콤보 1개,O,,,,173000,http://timg.danawa.com/prod_img/500000/843/143/img/5143843_1.jpg"
"ASRock  Z270 KILLER SLI 디앤디컴,ASRock,인텔 CPU용,인텔(소켓1151),(인텔) Z270,일반-ATX (24.4 x 30.5cm),DDR4,4개,최대 64GB,CrossFire X + SLI,PCIe3.0 x16,PCI-Express 3.0 x16,(M.2) 2개,,O,O,,,,,,,O,,PS/2 콤보 1개,O,,,,208000,http://timg.danawa.com/prod_img/500000/060/813/img/4813060_1.jpg"
"ECS DURATHON2 H110M4-C21 제이씨현,ECS,인텔 CPU용,인텔(소켓1151),(인텔) H110,Micro-ATX (24.4 x 24.4cm),DDR4,2개,최대 32GB,,,,,O,,,,,,,,,,,PS/2 포트 2개,O,,,,57360,http://timg.danawa.com/prod_img/500000/202/749/img/4749202_1.jpg"
"ASUS  H110M-A/M.2 코잇,ASUS,인텔 CPU용,인텔(소켓1151),(인텔) H110,Micro-ATX (22.6 x 18.5cm),DDR4,2개,최대 32GB,,PCIe3.0 x16,,(M.2) 1개,O,O,O,,,,,,,O,,PS/2 포트 2개,O,,,,74980,http://timg.danawa.com/prod_img/500000/469/950/img/4950469_1.jpg"
"ASRock  X99 Extreme11 에즈윈,ASRock,인텔 CPU용,인텔(소켓2011-V3),(인텔) X99,Extended-ATX (30.5 x 33.0cm),DDR4,8개,최대 128GB 이상,CrossFire X,PCIe3.0 x16,PCI-Express 3.0 x16,(M.2) 2개,,,,,,O,,,,O,,PS/2 콤보 1개,O,,,,1073740,http://timg.danawa.com/prod_img/500000/712/854/img/2854712_1.jpg"
"GIGABYTE  GA-H110-D3 듀러블에디션 피씨디렉트,GIGABYTE,인텔 CPU용,인텔(소켓1151),(인텔) H110,일반-ATX (30.5 x 24.4cm),DDR4,2개,최대 32GB,,PCIe3.0 x16,,(M.2) 1개,O,,,,,,,O,O,O,,PS/2 포트 2개,O,,,,94100,http://timg.danawa.com/prod_img/500000/332/733/img/3733332_1.jpg"
"GIGABYTE  GA-Z270X-Gaming K7 어로스 피씨디렉트,GIGABYTE,인텔 CPU용,인텔(소켓1151),(인텔) Z270,일반-ATX (30.5 x 24.4cm),DDR4,4개,최대 64GB,CrossFire X + SLI,PCIe3.0 x16,PCI-Express 3.0 x16,(M.2) 2개,,,O,O,,,,,,O,O,PS/2 콤보 1개,O,,,,328080,http://timg.danawa.com/prod_img/500000/855/861/img/4861855_1.jpg"
"ASRock  Z270 Gaming K4 에즈윈,ASRock,인텔 CPU용,인텔(소켓1151),(인텔) Z270,일반-ATX (30.5 x 24.4cm),DDR4,4개,최대 64GB,CrossFire X,PCIe3.0 x16,PCI-Express 3.0 x16,(M.2) 3개,O,O,O,,,,,,,O,,PS/2 콤보 1개,O,,,,214430,http://timg.danawa.com/prod_img/500000/877/916/img/4916877_1.jpg"
"GIGABYTE  GA-H170N-WiFi 듀러블에디션 제이씨현,GIGABYTE,인텔 CPU용,인텔(소켓1151),(인텔) H170,Mini-iTX (17.0 x 17.0cm),DDR4,2개,최대 32GB,,PCIe3.0 x16,,(M.2) 1개,,O,O,,,,,,,O,,PS/2 콤보 1개,O,,O,O,164040,http://timg.danawa.com/prod_img/500000/309/455/img/3455309_1.jpg"
"MSI  H110M PRO-D 웨이코스,MSI,인텔 CPU용,인텔(소켓1151),(인텔) H110,Micro-ATX (24.4 x 24.4cm),DDR4,2개,최대 32GB,,PCIe3.0 x16,,,,O,,,,,,,,O,,PS/2 콤보 1개,O,,,,65000,http://timg.danawa.com/prod_img/500000/408/561/img/3561408_1.jpg"
"ASUS  X99-E-10G WS iBORA,ASUS,인텔 CPU용,인텔(소켓2011-V3),(인텔) X99,Extended-ATX (30.5 x 26.7cm),DDR4,8개,최대 128GB 이상,CrossFire X + SLI,PCIe3.0 x16,PCI-Express 3.0 x16,(M.2) 1개,,,,,,,,,,O,O,,O,,,,936370,http://timg.danawa.com/prod_img/500000/191/843/img/4843191_1.jpg"
"ASRock  J3455B-ITX 디앤디컴,ASRock,인텔 CPU용,인텔(CPU내장),(인텔)셀러론 J3455,Mini-iTX (17.0 x 17.0cm),DDR3/DDR3L,2개,최대 16GB,,,,,O,,O,,,,,,,,,PS/2 포트 2개,O,,,,109360,http://timg.danawa.com/prod_img/500000/891/668/img/4668891_1.jpg"
"ASRock  H270M-ITX/ac 에즈윈,ASRock,인텔 CPU용,인텔(소켓1151),(인텔) H270,Mini-iTX (17.0 x 17.0cm),DDR4,2개,최대 32GB,,PCIe3.0 x16,,(M.2) 1개,,O,O,,,,,,,O,,PS/2 콤보 1개,O,,O,O,181730,http://timg.danawa.com/prod_img/500000/587/841/img/4841587_1.jpg"
"ASUS ROG STRIX Z270H GAMING 코잇,ASUS,인텔 CPU용,인텔(소켓1151),(인텔) Z270,일반-ATX (30.5 x 23.4cm),DDR4,4개,최대 64GB,CrossFire X + SLI,PCIe3.0 x16,PCI-Express 3.0 x16,(M.2) 2개,,O,O,,,,,,,O,O,PS/2 콤보 1개,O,,,,246000,http://timg.danawa.com/prod_img/500000/038/815/img/4815038_1.jpg"
"ASUS ROG STRIX H270F GAMING iBORA,ASUS,인텔 CPU용,인텔(소켓1151),(인텔) H270,일반-ATX (30.5 x 24.4cm),DDR4,4개,최대 64GB,CrossFire X,PCIe3.0 x16,PCI-Express 3.0 x16,(M.2) 2개,,O,O,O,,,,,,O,O,PS/2 콤보 1개,O,,,,203380,http://timg.danawa.com/prod_img/500000/244/829/img/4829244_1.jpg"
"ASRock  Z270 Gaming K6 디앤디컴,ASRock,인텔 CPU용,인텔(소켓1151),(인텔) Z270,일반-ATX (24.4 x 30.5cm),DDR4,4개,최대 64GB,CrossFire X + SLI,PCIe3.0 x16,PCI-Express 3.0 x16,(M.2) 3개,O,O,O,,,,,,,O,,PS/2 콤보 1개,O,,,,263000,http://timg.danawa.com/prod_img/500000/034/813/img/4813034_1.jpg"
"ASUS  H81M-K STCOM,ASUS,인텔 CPU용,인텔(소켓1150),(인텔) H81,Micro-ATX (24.4 x 24.4cm),DDR3,2개,최대 16GB,,PCIe x16,없음,,O,O,,,,,,,,O,,PS/2 포트 2개,O,,,,61000,http://timg.danawa.com/prod_img/500000/395/494/img/2494395_1.jpg"
"GIGABYTE  GA-Z270X-Gaming 7 어로스 + 옵테인 메모리 32GB 피씨디렉트,GIGABYTE,인텔 CPU용,인텔(소켓1151),(인텔) Z270,일반-ATX (30.5 x 24.4cm),DDR4,4개,최대 64GB,CrossFire X + SLI,PCIe3.0 x16,PCI-Express 3.0 x16,(M.2) 2개,,,O,O,,,,,,O,O,PS/2 콤보 1개,O,,,,492660,http://timg.danawa.com/prod_img/500000/102/207/img/5207102_1.jpg"
"GIGABYTE  GA-H110M-S2PV 듀러블에디션 피씨디렉트,GIGABYTE,인텔 CPU용,인텔(소켓1151),(인텔) H110,Micro-ATX (24.4 x 24.4cm),DDR4,2개,최대 32GB,,PCIe3.0 x16,,,O,O,,,,,,,,O,,PS/2 콤보 1개,O,,,,77000,http://timg.danawa.com/prod_img/500000/400/535/img/3535400_1.jpg"
"GIGABYTE  GA-Z270X-Gaming K5 어로스 피씨디렉트,GIGABYTE,인텔 CPU용,인텔(소켓1151),(인텔) Z270,일반-ATX (30.5 x 24.4cm),DDR4,4개,최대 64GB,CrossFire X + SLI,PCIe3.0 x16,PCI-Express 3.0 x16,(M.2) 2개,,,O,O,,,,,,O,O,PS/2 콤보 1개,O,,,,288410,http://timg.danawa.com/prod_img/500000/550/862/img/4862550_1.jpg"
"GIGABYTE  GA-Z270N-Gaming 5 게이밍에디션 제이씨현,GIGABYTE,인텔 CPU용,인텔(소켓1151),(인텔) Z270,Mini-iTX (17.0 x 17.0cm),DDR4,4개,최대 32GB,,PCIe3.0 x16,PCI-Express 3.0 x16,(M.2) 1개,,,O,O,,,,,,O,O,PS/2 콤보 1개,O,,,,278800,http://timg.danawa.com/prod_img/500000/535/933/img/4933535_1.jpg"
"MSI  B250M 바주카,MSI,인텔 CPU용,인텔(소켓1151),(인텔) B250,Micro-ATX (24.4 x 22.8cm),DDR4,4개,최대 64GB,,,,(M.2) 1개,,O,O,,,,,,,O,,PS/2 포트 2개,O,,,,108000,http://timg.danawa.com/prod_img/500000/742/817/img/4817742_1.jpg"
"ASUS  Z10PE-D8 WS STCOM,ASUS,인텔 CPU용,인텔(소켓2011-V3),,Extended-ATX (30.5 x 33.0cm),DDR4,8개,최대 128GB 이상,CrossFire X,PCIe3.0 x16,PCI-Express 3.0 x16,(M.2) 1개,,,,,,,,,,O,,PS/2 콤보 1개,O,,,,754160,http://timg.danawa.com/prod_img/500000/146/821/img/2821146_1.jpg"
"MSI  B150M 박격포 아틱,MSI,인텔 CPU용,인텔(소켓1151),(인텔) B150,Micro-ATX (24.4 x 24.4cm),DDR4,4개,최대 64GB,CrossFire X,PCIe3.0 x16,PCI-Express 3.0 x16,(M.2) 1개,,O,O,,,,,,,O,,PS/2 포트 2개,,,,,104000,http://timg.danawa.com/prod_img/500000/680/267/img/4267680_1.jpg"
"MSI  H110M PRO-D (벌크),MSI,인텔 CPU용,인텔(소켓1151),(인텔) H110,Micro-ATX (24.4 x 24.4cm),DDR4,2개,최대 32GB,,PCIe3.0 x16,,,,O,,,,,,,,O,,PS/2 콤보 1개,O,,,,63650,http://timg.danawa.com/prod_img/500000/433/561/img/3561433_1.jpg"
"ASUS  SABERTOOTH X99 iBORA,ASUS,인텔 CPU용,인텔(소켓2011-V3),(인텔) X99,일반-ATX (30.5 x 24.4cm),DDR4,8개,최대 64GB,CrossFire X,PCIe3.0 x16,PCI-Express 3.0 x16,(M.2) 1개,,,,,,,,,,O,O,PS/2 없음,O,,,,476040,http://timg.danawa.com/prod_img/500000/546/150/img/3150546_1.jpg"
"ASUS PRIME Z270M-PLUS STCOM,ASUS,인텔 CPU용,인텔(소켓1151),(인텔) Z270,Micro-ATX (24.38 x 23.88cm),DDR4,4개,최대 64GB,CrossFire X,PCIe3.0 x16,PCI-Express 3.0 x16,(M.2) 2개,O,O,O,,,,,,,O,,PS/2 포트 2개,O,,,,217840,http://timg.danawa.com/prod_img/500000/239/814/img/4814239_1.jpg"
"ASUS ROG STRIX Z270G GAMING STCOM,ASUS,인텔 CPU용,인텔(소켓1151),(인텔) Z270,Micro-ATX (24.4 x 24.4cm),DDR4,4개,최대 64GB,CrossFire X + SLI,PCIe3.0 x16,PCI-Express 3.0 x16,(M.2) 2개,,,O,O,,,,,,O,O,PS/2 콤보 1개,O,,O,O,380410,http://timg.danawa.com/prod_img/500000/810/811/img/4811810_1.jpg"
"ASUS PRIME H270-PRO 코잇,ASUS,인텔 CPU용,인텔(소켓1151),(인텔) H270,일반-ATX (30.5 x 22.6cm),DDR4,4개,최대 64GB,CrossFire X,PCIe3.0 x16,PCI-Express 3.0 x16,(M.2) 2개,,O,O,O,,,,,,O,O,PS/2 콤보 1개,O,,,,188670,http://timg.danawa.com/prod_img/500000/228/815/img/4815228_1.jpg"
"ASRock  H81M-DGS R2.0 디앤디컴 (벌크),ASRock,인텔 CPU용,인텔(소켓1150),(인텔) H81,Micro-ATX (24.4 x 24.4cm),DDR3,2개,최대 16GB,,PCIe x16,없음,,O,O,,,,,,,,O,,PS/2 콤보 1개,O,,,,57000,http://timg.danawa.com/prod_img/500000/772/466/img/2466772_1.jpg"
"ASRock  H110M-HDS R3.0 디앤디컴 (벌크),ASRock,인텔 CPU용,인텔(소켓1151),(인텔) H110,Micro-ATX (19.1 x 18.8cm),DDR4,2개,최대 32GB,,,,,,O,O,,,,,,,O,,PS/2 포트 2개,O,,,,62100,http://timg.danawa.com/prod_img/500000/082/913/img/4913082_1.jpg"
"ASUS ROG STRIX Z270E GAMING 코잇,ASUS,인텔 CPU용,인텔(소켓1151),(인텔) Z270,일반-ATX (30.5 x 24.4cm),DDR4,4개,최대 64GB,CrossFire X + SLI,PCIe3.0 x16,PCI-Express 3.0 x16,(M.2) 2개,,O,O,O,,,,,,O,O,PS/2 콤보 1개,O,,O,O,317670,http://timg.danawa.com/prod_img/500000/128/815/img/4815128_1.jpg"
"ASUS PRIME B250M-A 코잇,ASUS,인텔 CPU용,인텔(소켓1151),(인텔) B250,Micro-ATX (24.4 x 20.6cm),DDR4,4개,최대 64GB,,PCIe3.0 x16,,(M.2) 2개,O,O,O,,,,,,,O,,PS/2 포트 2개,O,,,,109740,http://timg.danawa.com/prod_img/500000/674/814/img/4814674_1.jpg"
"MSI  H270 게이밍 프로 카본,MSI,인텔 CPU용,인텔(소켓1151),(인텔) H270,ATX (30.5x24.4cm),DDR4,4개,최대 64GB,CrossFire,PCIe3.0 x16,PCI-Express 3.0 x16,(M.2) 2개,,O,O,,,,,,,,O,PS/2 콤보 1개,O,,,,189000,http://timg.danawa.com/prod_img/500000/257/984/img/4984257_1.jpg"
"GIGABYTE  GA-Z270X-Ultra Gaming 게이밍에디션 제이씨현,GIGABYTE,인텔 CPU용,인텔(소켓1151),(인텔) Z270,일반-ATX (30.5 x 24.4cm),DDR4,4개,최대 64GB,CrossFire X + SLI,PCIe3.0 x16,PCI-Express 3.0 x16,(M.2) 1개,,O,O,,,,,,,O,O,PS/2 콤보 1개,O,,,,259000,http://timg.danawa.com/prod_img/500000/846/813/img/4813846_1.jpg"
"ECS  BSWI-D2-J3060M 코잇,ECS,인텔 CPU용,인텔(CPU내장),(인텔)셀러론 J3060,Mini-iTX (17.0 x 17.0cm),DDR3L,1개,최대 8GB,,,,(M.2) 1개,O,,O,,,,,,,O,,PS/2 포트 2개,O,,,,76660,http://timg.danawa.com/prod_img/500000/279/489/img/4489279_1.jpg"
"GIGABYTE  GA-Z270X-UD5 듀러블에디션 썬더볼트 제이씨현,GIGABYTE,인텔 CPU용,인텔(소켓1151),(인텔) Z270,일반-ATX (30.5 x 24.4cm),DDR4,4개,최대 64GB,CrossFire X + SLI,PCIe3.0 x16,PCI-Express 3.0 x16,(M.2) 1개,,,O,O,,,,,,O,O,PS/2 콤보 1개,O,,,,327010,http://timg.danawa.com/prod_img/500000/807/818/img/4818807_1.jpg"
"ASUS  B150M-A/M.2 STCOM,ASUS,인텔 CPU용,인텔(소켓1151),(인텔) B150,Micro-ATX (24.4 x 24.4cm),DDR4,4개,최대 64GB,,PCIe3.0 x16,,(M.2) 1개,O,O,O,,,,,,,O,,PS/2 포트 2개,O,,,,99000,http://timg.danawa.com/prod_img/500000/703/196/img/4196703_1.jpg"
"ASUS PRIME B250-PRO iBORA,ASUS,인텔 CPU용,인텔(소켓1151),(인텔) B250,일반-ATX (30.5 x 21.8cm),DDR4,4개,최대 64GB,CrossFire X,PCIe3.0 x16,,(M.2) 2개,O,O,O,,,,,,,O,O,PS/2 콤보 1개,O,,,,159750,http://timg.danawa.com/prod_img/500000/202/829/img/4829202_1.jpg"
"ASUS ROG STRIX B250F GAMING iBORA,ASUS,인텔 CPU용,인텔(소켓1151),(인텔) B250,일반-ATX (30.5 x 24.4cm),DDR4,4개,최대 64GB,CrossFire X,PCIe3.0 x16,PCI-Express 3.0 x16,(M.2) 2개,,O,O,O,,,,,,O,O,PS/2 콤보 1개,O,,,,184570,http://timg.danawa.com/prod_img/500000/123/817/img/4817123_1.jpg"
"GIGABYTE  GA-H270M-DS3H 듀러블에디션 피씨디렉트,GIGABYTE,인텔 CPU용,인텔(소켓1151),(인텔) H270,Micro-ATX (24.4 x 21.5cm),DDR4,4개,최대 64GB,CrossFire X,PCIe3.0 x16,PCI-Express 3.0 x16,(M.2) 1개,O,O,O,O,,,,,,O,,PS/2 콤보 1개,O,,,,158680,http://timg.danawa.com/prod_img/500000/938/858/img/4858938_1.jpg"
"ASRock  H81M-ITX 디앤디컴,ASRock,인텔 CPU용,인텔(소켓1150),(인텔) H81,Mini-iTX (17.0 x 17.0cm),DDR3,2개,최대 16GB,,PCIe x16,없음,,O,O,O,,,O,,,,O,,키보드 포트 1개,O,,,,97640,http://timg.danawa.com/prod_img/500000/172/189/img/2189172_1.jpg"
"GIGABYTE  GA-Z170N-WIFI 듀러블에디션 제이씨현,GIGABYTE,인텔 CPU용,인텔(소켓1151),(인텔) Z170,Mini-iTX (17.0 x 17.0cm),DDR4,2개,최대 32GB,,PCIe3.0 x16,,(M.2) 1개,,O,O,,,,,,,O,,PS/2 콤보 1개,O,,O,O,217000,http://timg.danawa.com/prod_img/500000/104/513/img/3513104_1.jpg"
"GIGABYTE  GA-B250N-Phoenix WiFi 듀러블에디션 피씨디렉트,GIGABYTE,인텔 CPU용,인텔(소켓1151),(인텔) B250,M-iTX (17.0x17.0cm),DDR4,2개,최대 32GB,,PCIe3.0 x16,,(M.2) 1개,,,O,O,,,,,,,,PS/2 콤보 1개,O,,O,O,174760,http://timg.danawa.com/prod_img/500000/604/059/img/5059604_1.jpg"
"GIGABYTE  GA-X99-Designare EX 듀러블에디션 제이씨현,GIGABYTE,인텔 CPU용,인텔(소켓2011-V3),(인텔) X99,일반-ATX (30.5 x 24.4cm),DDR4,8개,최대 128GB 이상,CrossFire X,PCIe3.0 x16,PCI-Express 3.0 x16,(M.2) 1개,,,,O,,,,,,O,O,PS/2 콤보 1개,O,,O,O,603620,http://timg.danawa.com/prod_img/500000/928/163/img/4163928_1.jpg"
"ASRock  J3355B-ITX 디앤디컴,ASRock,인텔 CPU용,인텔(CPU내장),(인텔)셀러론 J3355,Mini-iTX (17.0 x 17.0cm),DDR3/DDR3L,2개,최대 16GB,,,,,O,,O,,,,,,,,,PS/2 포트 2개,O,,,,92000,http://timg.danawa.com/prod_img/500000/886/668/img/4668886_1.jpg"
"GIGABYTE  GA-Z270X-Gaming K7 어로스 제이씨현,GIGABYTE,인텔 CPU용,인텔(소켓1151),(인텔) Z270,일반-ATX (30.5 x 24.4cm),DDR4,4개,최대 64GB,CrossFire X + SLI,PCIe3.0 x16,PCI-Express 3.0 x16,(M.2) 2개,,,O,O,,,,,,O,O,PS/2 콤보 1개,O,,,,352800,http://timg.danawa.com/prod_img/500000/706/813/img/4813706_1.jpg"
"GIGABYTE  GA-B250M-D3V 듀러블에디션 피씨디렉트,GIGABYTE,인텔 CPU용,인텔(소켓1151),(인텔) B250,Micro-ATX (24.4 x 17.4cm),DDR4,2개,최대 32GB,,PCIe3.0 x16,,(M.2) 1개,O,O,,,,,,,O,O,,PS/2 콤보 1개,O,,,,103000,http://timg.danawa.com/prod_img/500000/307/816/img/4816307_1.jpg"
"GIGABYTE  GA-H270-HD3 듀러블에디션 제이씨현,GIGABYTE,인텔 CPU용,인텔(소켓1151),(인텔) H270,일반-ATX (30.5 x 24.4cm),DDR4,4개,최대 64GB,CrossFire X,PCIe3.0 x16,PCI-Express 3.0 x16,(M.2) 1개,O,O,O,,,,,,,O,,PS/2 콤보 1개,O,,,,165000,http://timg.danawa.com/prod_img/500000/897/827/img/4827897_1.jpg"
"GIGABYTE  GA-Z270-HD3 듀러블에디션 피씨디렉트,GIGABYTE,인텔 CPU용,인텔(소켓1151),(인텔) Z270,일반-ATX (30.5 x 22.5cm),DDR4,4개,최대 64GB,CrossFire X,PCIe3.0 x16,PCI-Express 3.0 x16,(M.2) 1개,O,O,O,,,,,,,O,,PS/2 콤보 1개,O,,,,184410,http://timg.danawa.com/prod_img/500000/999/822/img/4822999_1.jpg"
"ASUS  MAXIMUS VIII IMPACT STCOM,ASUS,인텔 CPU용,인텔(소켓1151),(인텔) Z170,Mini-iTX (17.0 x 17.0cm),DDR4,2개,최대 32GB,,PCIe3.0 x16,,,,,O,,,,,,,O,O,PS/2 없음,O,,O,O,353810,http://timg.danawa.com/prod_img/500000/397/497/img/3497397_1.jpg"
"ASUS PRIME B250M-C iBORA,ASUS,인텔 CPU용,인텔(소켓1151),(인텔) B250,Micro-ATX (22.6 x 18.5cm),DDR4,4개,최대 64GB,,PCIe3.0 x16,,(M.2) 2개,,O,O,O,,,,,,O,,PS/2 포트 2개,O,,,,155460,http://timg.danawa.com/prod_img/500000/760/829/img/4829760_1.jpg"
"ASUS ROG MAXIMUS IX CODE STCOM,ASUS,인텔 CPU용,인텔(소켓1151),(인텔) Z270,일반-ATX (30.5 x 24.4cm),DDR4,4개,최대 64GB,CrossFire X + SLI,PCIe3.0 x16,PCI-Express 3.0 x16,(M.2) 2개,,,O,O,,,,,,O,O,,O,,O,O,548940,http://timg.danawa.com/prod_img/500000/631/811/img/4811631_1.jpg"
"GIGABYTE  GA-B150M-D3H 듀러블에디션 피씨디렉트,GIGABYTE,인텔 CPU용,인텔(소켓1151),(인텔) B150,Micro-ATX (24.4 x 24.4cm),DDR4,4개,최대 64GB,CrossFire X,PCIe3.0 x16,PCI-Express 3.0 x16,(M.2) 1개,O,O,O,,,,,,,O,,PS/2 콤보 1개,O,,,,102930,http://timg.danawa.com/prod_img/500000/680/403/img/3403680_1.jpg"
"GIGABYTE  GA-B250-HD3P 듀러블에디션 제이씨현,GIGABYTE,인텔 CPU용,인텔(소켓1151),(인텔) B250,일반-ATX (30.5 x 22.5cm),DDR4,4개,최대 64GB,CrossFire X,PCIe3.0 x16,PCI-Express 3.0 x16,(M.2) 1개,O,O,O,,,,,,,O,,PS/2 콤보 1개,O,,,,160820,http://timg.danawa.com/prod_img/500000/482/823/img/4823482_1.jpg"
"ASUS  H110I-PLUS iBORA,ASUS,인텔 CPU용,인텔(소켓1151),(인텔) H110,Mini-iTX (17.0 x 17.0cm),DDR4,2개,최대 32GB,,,,,O,O,O,,,,,,,O,,PS/2 콤보 1개,O,,,,123300,http://timg.danawa.com/prod_img/500000/000/615/img/3615000_1.jpg"
"GIGABYTE  GA-H270M-DS3H 듀러블에디션 제이씨현,GIGABYTE,인텔 CPU용,인텔(소켓1151),(인텔) H270,Micro-ATX (24.4 x 21.5cm),DDR4,4개,최대 64GB,CrossFire X,PCIe3.0 x16,PCI-Express 3.0 x16,(M.2) 1개,O,O,O,O,,,,,,O,,PS/2 콤보 1개,O,,,,165000,http://timg.danawa.com/prod_img/500000/127/831/img/4831127_1.jpg"
"GIGABYTE  GA-Z270-HD3 듀러블에디션 제이씨현,GIGABYTE,인텔 CPU용,인텔(소켓1151),(인텔) Z270,일반-ATX (30.5 x 22.5cm),DDR4,4개,최대 64GB,CrossFire X,PCIe3.0 x16,PCI-Express 3.0 x16,(M.2) 1개,O,O,O,,,,,,,O,,PS/2 콤보 1개,O,,,,205920,http://timg.danawa.com/prod_img/500000/420/814/img/4814420_1.jpg"
"ASUS  X99-DELUXE II iBORA,ASUS,인텔 CPU용,인텔(소켓2011-V3),(인텔) X99,일반-ATX (30.5 x 24.4cm),DDR4,8개,최대 128GB 이상,CrossFire X,PCIe3.0 x16,PCI-Express 3.0 x16,(M.2) 1개,,,,,,,,,,O,O,PS/2 없음,O,,O,O,610060,http://timg.danawa.com/prod_img/500000/965/072/img/4072965_1.jpg"
"MSI  B150M 바주카 웨이코스,MSI,인텔 CPU용,인텔(소켓1151),(인텔) B150,Micro-ATX (24.4 x 24.4cm),DDR4,4개,최대 64GB,,PCIe3.0 x16,,,,O,O,,,,,,,O,,PS/2 포트 2개,O,,,,83000,http://timg.danawa.com/prod_img/500000/672/403/img/3403672_1.jpg"
"GIGABYTE  GA-Z170MX-Gaming 5 게이밍에디션 피씨디렉트,GIGABYTE,인텔 CPU용,인텔(소켓1151),(인텔) Z170,Micro-ATX (24.4 x 24.4cm),DDR4,4개,최대 64GB,CrossFire X + SLI,PCIe3.0 x16,PCI-Express 3.0 x16,(M.2) 1개,O,O,O,,,,,,,O,O,PS/2 콤보 1개,O,,,,203000,http://timg.danawa.com/prod_img/500000/616/461/img/3461616_1.jpg"
"GIGABYTE  GA-Z270N-WiFi 듀러블에디션 피씨디렉트,GIGABYTE,인텔 CPU용,인텔(소켓1151),(인텔) Z270,Mini-iTX (17.0 x 17.0cm),DDR4,2개,최대 32GB,,PCIe3.0 x16,,(M.2) 1개,,O,O,,,,,,,O,,PS/2 콤보 1개,O,,O,O,241240,http://timg.danawa.com/prod_img/500000/667/072/img/5072667_1.jpg"
"BIOSTAR RACING Z270 GT8 이엠텍,BIOSTAR,인텔 CPU용,인텔(소켓1151),(인텔) Z270,일반-ATX (30.5 x 24.4cm),DDR4,4개,최대 64GB,CrossFire X,PCIe3.0 x8,PCI-Express 3.0 x8,(M.2) 1개,,,O,O,,,,,,O,,PS/2 콤보 1개,O,,,,315210,http://timg.danawa.com/prod_img/500000/782/930/img/4930782_1.jpg"
"ASRock  H110M-DVS R2.0 디앤디컴 (벌크),ASRock,인텔 CPU용,인텔(소켓1151),(인텔) H110,Micro-ATX (24.4 x 24.4cm),DDR4,2개,최대 32GB,,,,,O,O,,,,,,,,O,,PS/2 콤보 1개,O,,,,63260,http://timg.danawa.com/prod_img/500000/406/284/img/4284406_1.jpg"
"GIGABYTE  GA-Z270X-Gaming 9 어로스 피씨디렉트,GIGABYTE,인텔 CPU용,인텔(소켓1151),(인텔) Z270,Extended-ATX (30.5 x 26.4cm),DDR4,4개,최대 64GB,CrossFire X + SLI,PCIe3.0 x16,PCI-Express 3.0 x16,(M.2) 2개,,,O,O,,,,,,O,O,PS/2 콤보 1개,O,,O,O,829850,http://timg.danawa.com/prod_img/500000/285/820/img/4820285_1.jpg"
"ASRock  H110M-DGS R3.0 에즈윈 (벌크),ASRock,인텔 CPU용,인텔(소켓1151),(인텔) H110,Micro-ATX (24.4 x 24.4cm),DDR4,2개,최대 32GB,,PCIe3.0 x16,,,,O,,,,,,,,O,,PS/2 콤보 1개,O,,,,60040,http://timg.danawa.com/prod_img/500000/096/719/img/4719096_1.jpg"
"ASUS PRIME B250M-K iBORA,ASUS,인텔 CPU용,인텔(소켓1151),(인텔) B250,Micro-ATX (22.6 x 18.5cm),DDR4,2개,최대 32GB,,PCIe3.0 x16,,(M.2) 1개,O,O,,,,,,,,O,,PS/2 콤보 1개,O,,,,95420,http://timg.danawa.com/prod_img/500000/733/829/img/4829733_1.jpg"
"GIGABYTE  GA-H270N-WiFi 듀러블에디션 제이씨현,GIGABYTE,인텔 CPU용,인텔(소켓1151),(인텔) H270,Mini-iTX (17.0 x 17.0cm),DDR4,2개,최대 32GB,,PCIe3.0 x16,,(M.2) 1개,,O,O,,,,,,,O,,PS/2 콤보 1개,O,,O,O,211210,http://timg.danawa.com/prod_img/500000/951/855/img/4855951_1.jpg"
"ASRock  H110M-ITX 에즈윈,ASRock,인텔 CPU용,인텔(소켓1151),(인텔) H110,Mini-iTX (17.0 x 17.0cm),DDR4,2개,최대 32GB,,PCIe3.0 x16,없음,,,O,O,,,,,,,O,,PS/2 콤보 1개,O,,,,109000,http://timg.danawa.com/prod_img/500000/820/599/img/3599820_1.jpg"
"ASUS ROG STRIX Z270E GAMING STCOM,ASUS,인텔 CPU용,인텔(소켓1151),(인텔) Z270,일반-ATX (30.5 x 24.4cm),DDR4,4개,최대 64GB,CrossFire X + SLI,PCIe3.0 x16,PCI-Express 3.0 x16,(M.2) 2개,,O,O,O,,,,,,O,O,PS/2 콤보 1개,O,,O,O,347890,http://timg.danawa.com/prod_img/500000/802/811/img/4811802_1.jpg"
"ASUS TUF Z270 MARK1 iBORA,ASUS,인텔 CPU용,인텔(소켓1151),(인텔) Z270,일반-ATX (30.5 x 24.4cm),DDR4,4개,최대 64GB,CrossFire X + SLI,PCIe3.0 x16,PCI-Express 3.0 x16,(M.2) 2개,,,O,O,,,,,,O,O,,O,,,,389190,http://timg.danawa.com/prod_img/500000/703/810/img/4810703_1.jpg"
"MSI  Z270 게이밍 M5,MSI,인텔 CPU용,인텔(소켓1151),(인텔) Z270,일반-ATX (30.5 x 24.4cm),DDR4,4개,최대 64GB,CrossFire + SLI,PCIe3.0 x16,PCI-Express 3.0 x16,(M.2) 1개,,,O,O,,,,,,O,O,PS/2 콤보 1개,O,,,,325000,http://timg.danawa.com/prod_img/500000/708/817/img/4817708_1.jpg"
"GIGABYTE  GA-Z170X-Gaming 3 게이밍에디션 제이씨현,GIGABYTE,인텔 CPU용,인텔(소켓1151),(인텔) Z170,일반-ATX (30.5 x 24.4cm),DDR4,4개,최대 64GB,CrossFire X + SLI,PCIe3.0 x16,PCI-Express 3.0 x16,(M.2) 2개,O,O,O,,,,,,,O,O,PS/2 콤보 1개,O,,,,229160,http://timg.danawa.com/prod_img/500000/137/369/img/3369137_1.jpg"
"ASUS PRIME B250M-K 코잇,ASUS,인텔 CPU용,인텔(소켓1151),(인텔) B250,Micro-ATX (22.6 x 18.5cm),DDR4,2개,최대 32GB,,PCIe3.0 x16,,(M.2) 1개,O,O,,,,,,,,O,,PS/2 콤보 1개,O,,,,93800,http://timg.danawa.com/prod_img/500000/391/843/img/4843391_1.jpg"
"MSI  Z270 밀리터리 에디션,MSI,인텔 CPU용,인텔(소켓1151),(인텔) Z270,ATX (30.5x24.3cm),DDR4,4개,최대 64GB,CrossFire X + SLI,PCIe3.0 x16,PCI-Express 3.0 x16,(M.2) 2개,,O,O,,,,,,,O,O,PS/2 콤보 1개,O,,,,225150,http://timg.danawa.com/prod_img/500000/296/016/img/5016296_1.jpg"
"GIGABYTE  GA-X150-PLUS WS 듀러블에디션 피씨디렉트,GIGABYTE,인텔 CPU용,인텔(소켓1151),(인텔) C232,일반-ATX (30.5 x 24.4cm),DDR4,4개,최대 64GB,CrossFire X,PCIe3.0 x16,PCI-Express 3.0 x16,(M.2) 1개,,,,,,,,,,O,,PS/2 포트 2개,O,,,,146000,http://timg.danawa.com/prod_img/500000/231/722/img/3722231_1.jpg"
"GIGABYTE  GA-H110M-H 듀러블에디션 제이씨현,GIGABYTE,인텔 CPU용,인텔(소켓1151),(인텔) H110,Micro-ATX (24.4 x 24.4cm),DDR4,2개,최대 32GB,,PCIe3.0 x16,,,O,,O,,,,,,,,,PS/2 포트 2개,,,,,72000,http://timg.danawa.com/prod_img/500000/515/277/img/4277515_1.jpg"
"ASUS PRIME B250M-PLUS iBORA,ASUS,인텔 CPU용,인텔(소켓1151),(인텔) B250,Micro-ATX (24.4 x 22.4cm),DDR4,4개,최대 64GB,,PCIe3.0 x16,,(M.2) 2개,O,O,O,,,,,,,O,,PS/2 콤보 1개,O,,,,138310,http://timg.danawa.com/prod_img/500000/678/829/img/4829678_1.jpg"
"ASUS ROG STRIX Z270E GAMING iBORA,ASUS,인텔 CPU용,인텔(소켓1151),(인텔) Z270,일반-ATX (30.5 x 24.4cm),DDR4,4개,최대 64GB,CrossFire X + SLI,PCIe3.0 x16,PCI-Express 3.0 x16,(M.2) 2개,,O,O,O,,,,,,O,O,PS/2 콤보 1개,O,,O,O,314140,http://timg.danawa.com/prod_img/500000/582/810/img/4810582_1.jpg"
"ASUS PRIME Z270M-PLUS iBORA,ASUS,인텔 CPU용,인텔(소켓1151),(인텔) Z270,Micro-ATX (24.38 x 23.88cm),DDR4,4개,최대 64GB,CrossFire X,PCIe3.0 x16,PCI-Express 3.0 x16,(M.2) 2개,O,O,O,,,,,,,O,,PS/2 포트 2개,O,,,,205850,http://timg.danawa.com/prod_img/500000/204/813/img/4813204_1.jpg"
"ASUS PRIME Z270-P STCOM,ASUS,인텔 CPU용,인텔(소켓1151),(인텔) Z270,일반-ATX (30.5 x 22.1cm),DDR4,4개,최대 64GB,CrossFire X,PCIe3.0 x16,PCI-Express 3.0 x16,(M.2) 2개,,O,O,,,,,,,O,,PS/2 포트 2개,O,,,,230840,http://timg.danawa.com/prod_img/500000/197/814/img/4814197_1.jpg"
"ASUS ROG MAXIMUS IX APEX STCOM,ASUS,인텔 CPU용,인텔(소켓1151),(인텔) Z270,Extended-ATX (30.5 x 27.2cm),DDR4,2개,최대 32GB,CrossFire X + SLI(Quad),PCIe3.0 x16,PCI-Express 3.0 x8,,,,O,O,,,,,,O,O,PS/2 포트 2개,O,,,,461030,http://timg.danawa.com/prod_img/500000/614/890/img/4890614_1.jpg"
"GIGABYTE  GA-Z270-Phoenix Gaming 게이밍에디션 제이씨현,GIGABYTE,인텔 CPU용,인텔(소켓1151),(인텔) Z270,일반-ATX (30.5 x 24.4cm),DDR4,4개,최대 64GB,CrossFire X,PCIe3.0 x16,,(M.2) 1개,,O,O,,,,,,,O,,PS/2 콤보 1개,O,,,,221940,http://timg.danawa.com/prod_img/500000/685/932/img/4932685_1.jpg"
"GIGABYTE  GA-B250-HD3 듀러블에디션 제이씨현,GIGABYTE,인텔 CPU용,인텔(소켓1151),(인텔) B250,일반-ATX (30.5 x 22.5cm),DDR4,4개,최대 64GB,CrossFire X,PCIe3.0 x16,PCI-Express 3.0 x16,(M.2) 1개,O,O,O,,,,,,,O,,PS/2 콤보 1개,O,,,,146890,http://timg.danawa.com/prod_img/500000/511/823/img/4823511_1.jpg"
"ASUS  P10S WS iBORA,ASUS,인텔 CPU용,인텔(소켓1151),(인텔) C236,일반-ATX (30.5 x 24.4cm),DDR4,4개,최대 64GB,CrossFire X,PCIe3.0 x16,PCI-Express 3.0 x16,(M.2) 2개,O,O,O,O,,,,,,O,O,PS/2 없음,O,,,,322400,http://timg.danawa.com/prod_img/500000/920/867/img/3867920_1.jpg"
"ASRock  Z270 Gaming K6 에즈윈,ASRock,인텔 CPU용,인텔(소켓1151),(인텔) Z270,일반-ATX (24.4 x 30.5cm),DDR4,4개,최대 64GB,CrossFire X + SLI,PCIe3.0 x16,PCI-Express 3.0 x16,(M.2) 3개,O,O,O,,,,,,,O,,PS/2 포트 2개,O,,,,263000,http://timg.danawa.com/prod_img/500000/419/812/img/4812419_1.jpg"
"GIGABYTE  GA-X99-Ultra Gaming 게이밍에디션 제이씨현,GIGABYTE,인텔 CPU용,인텔(소켓2011-V3),(인텔) X99,Extended-ATX (30.5 x 33.0cm),DDR4,8개,최대 128GB 이상,CrossFire X,PCIe3.0 x16,PCI-Express 3.0 x16,(M.2) 1개,,,,,,,,,,O,O,PS/2 콤보 1개,O,,,,464240,http://timg.danawa.com/prod_img/500000/486/178/img/4178486_1.jpg"
"ASUS STRIX X99 GAMING iBORA,ASUS,인텔 CPU용,인텔(소켓2011-V3),(인텔) X99,일반-ATX (30.5 x 24.4cm),DDR4,8개,최대 128GB 이상,CrossFire X,PCIe3.0 x16,PCI-Express 3.0 x16,(M.2) 1개,,,,,,,,,,O,O,PS/2 콤보 1개,O,,O,O,484610,http://timg.danawa.com/prod_img/500000/199/089/img/4089199_1.jpg"
"MSI  B250M PRO-VDH + 옵테인 메모리 16GB,MSI,인텔 CPU용,인텔(소켓1151),(인텔) B250,Micro-ATX (24.4 x 22.8cm),DDR4,4개,최대 64GB,,PCIe3.0 x16,,(M.2) 2개,O,O,O,,,,,,,O,,PS/2 콤보 1개,O,,,,167260,http://timg.danawa.com/prod_img/500000/794/178/img/5178794_1.jpg"
"GIGABYTE  GA-Z270M-D3H 듀러블에디션 제이씨현,GIGABYTE,인텔 CPU용,인텔(소켓1151),(인텔) Z270,Micro-ATX (24.4 x 22.5cm),DDR4,4개,최대 64GB,CrossFire X,PCIe3.0 x16,PCI-Express 3.0 x16,(M.2) 1개,O,O,O,,,,,,,O,,PS/2 콤보 1개,O,,,,198330,http://timg.danawa.com/prod_img/500000/150/816/img/4816150_1.jpg"
"MSI  X99A GODLIKE 게이밍 카본 웨이코스,MSI,인텔 CPU용,인텔(소켓2011-V3),(인텔) X99,Extended-ATX (30.5 x 33.0cm),DDR4,8개,최대 128GB 이상,CrossFire X,PCIe3.0 x16,PCI-Express 3.0 x16,(M.2) 1개,,,,,,,,,,O,O,PS/2 콤보 1개,O,,O,O,787180,http://timg.danawa.com/prod_img/500000/151/865/img/3865151_1.jpg"
"ASUS ROG MAXIMUS IX HERO iBORA,ASUS,인텔 CPU용,인텔(소켓1151),(인텔) Z270,일반-ATX (30.5 x 24.4cm),DDR4,4개,최대 64GB,CrossFire X + SLI,PCIe3.0 x16,PCI-Express 3.0 x16,(M.2) 2개,,,O,O,,,,,,O,O,,O,,,,393480,http://timg.danawa.com/prod_img/500000/489/810/img/4810489_1.jpg"
"MSI  B250M PRO-VDH,MSI,인텔 CPU용,인텔(소켓1151),(인텔) B250,Micro-ATX (24.4 x 22.8cm),DDR4,4개,최대 64GB,,PCIe3.0 x16,,(M.2) 2개,O,O,O,,,,,,,O,,PS/2 콤보 1개,O,,,,106140,http://timg.danawa.com/prod_img/500000/218/925/img/4925218_1.jpg"
"ASRock  H270M PRO4 에즈윈,ASRock,인텔 CPU용,인텔(소켓1151),(인텔) H270,Micro-ATX (24.4 x 24.4cm),DDR4,4개,최대 64GB,CrossFire X,PCIe3.0 x16,PCI-Express 3.0 x16,(M.2) 2개,O,O,O,,,,,,,O,,PS/2 콤보 1개,O,,,,142000,http://timg.danawa.com/prod_img/500000/133/812/img/4812133_1.jpg"
"GIGABYTE  GA-H270-Gaming 3 + 옵테인 메모리 16GB 피씨디렉트,GIGABYTE,인텔 CPU용,인텔(소켓1151),(인텔) H270,ATX (30.5x24.4cm),DDR4,4개,최대 64GB,,PCIe3.0 x16,,(M.2) 1개,,O,O,,,,,,,O,O,PS/2 콤보 1개,O,,,,240700,http://timg.danawa.com/prod_img/500000/420/204/img/5204420_1.jpg"
"GIGABYTE  GA-H270-HD3P 듀러블에디션 제이씨현,GIGABYTE,인텔 CPU용,인텔(소켓1151),(인텔) H270,일반-ATX (30.5 x 22.5cm),DDR4,4개,최대 64GB,CrossFire X,PCIe3.0 x16,PCI-Express 3.0 x16,(M.2) 1개,O,O,O,,,,,,,O,O,PS/2 콤보 1개,O,,,,196160,http://timg.danawa.com/prod_img/500000/858/827/img/4827858_1.jpg"
"GIGABYTE  GA-Z270X-Gaming K5 어로스 제이씨현,GIGABYTE,인텔 CPU용,인텔(소켓1151),(인텔) Z270,일반-ATX (30.5 x 24.4cm),DDR4,4개,최대 64GB,CrossFire X + SLI,PCIe3.0 x16,PCI-Express 3.0 x16,(M.2) 2개,,,O,O,,,,,,O,O,PS/2 콤보 1개,O,,,,305620,http://timg.danawa.com/prod_img/500000/807/813/img/4813807_1.jpg"
"GIGABYTE  GA-Z270X-Gaming 7 어로스 제이씨현,GIGABYTE,인텔 CPU용,인텔(소켓1151),(인텔) Z270,일반-ATX (30.5 x 24.4cm),DDR4,4개,최대 64GB,CrossFire X + SLI,PCIe3.0 x16,PCI-Express 3.0 x16,(M.2) 2개,,,O,O,,,,,,O,O,PS/2 콤보 1개,O,,,,415090,http://timg.danawa.com/prod_img/500000/586/813/img/4813586_1.jpg"
"GIGABYTE  GA-H110M-S2PV 듀러블에디션 제이씨현,GIGABYTE,인텔 CPU용,인텔(소켓1151),(인텔) H110,Micro-ATX (24.4 x 24.4cm),DDR4,2개,최대 32GB,,PCIe3.0 x16,,,O,O,,,,,,,,O,,PS/2 콤보 1개,O,,,,77200,http://timg.danawa.com/prod_img/500000/767/536/img/3536767_1.jpg"
"GIGABYTE  GA-Z270X-Gaming 5 어로스 피씨디렉트,GIGABYTE,인텔 CPU용,인텔(소켓1151),(인텔) Z270,일반-ATX (30.5 x 24.4cm),DDR4,4개,최대 64GB,CrossFire X + SLI,PCIe3.0 x16,PCI-Express 3.0 x16,(M.2) 2개,,,O,O,,,,,,O,O,PS/2 콤보 1개,O,,,,334510,http://timg.danawa.com/prod_img/500000/278/820/img/4820278_1.jpg"
"ECS DURATHON2 H110M4-C2H 제이씨현,ECS,인텔 CPU용,인텔(소켓1151),(인텔) H110,Micro-ATX (24.4 x 24.4cm),DDR4,2개,최대 32GB,,,,,O,,O,,,,,,,O,,PS/2 포트 2개,O,,,,58970,http://timg.danawa.com/prod_img/500000/361/440/img/4440361_1.jpg"
"GIGABYTE  GA-H110M-HD2 듀러블에디션 제이씨현,GIGABYTE,인텔 CPU용,인텔(소켓1151),(인텔) H110,Micro-ATX (24.4 x 24.4cm),DDR4,2개,최대 32GB,,PCIe3.0 x16,,,O,O,O,,,,,,,O,,PS/2 포트 2개,O,,,,77200,http://timg.danawa.com/prod_img/500000/570/181/img/4181570_1.jpg"
"ASUS  Z10PE-D16 WS iBORA,ASUS,인텔 CPU용,인텔(소켓2011-V3),기타,Extended-ATX (30.5 x 33.0cm),DDR4,16개,최대 128GB 이상,CrossFire X,PCIe3.0 x16,PCI-Express 3.0 x16,(M.2) 1개,,,,,,,,,,O,,PS/2 콤보 1개,O,,,,738720,http://timg.danawa.com/prod_img/500000/913/056/img/3056913_1.jpg"
"GIGABYTE  GA-B150M-D3V 듀러블에디션 제이씨현,GIGABYTE,인텔 CPU용,인텔(소켓1151),(인텔) B150,Micro-ATX (24.4 x 24.4cm),DDR4,2개,최대 32GB,,PCIe3.0 x16,,(M.2) 1개,O,O,,,,,,,O,O,,PS/2 콤보 1개,O,,,,84700,http://timg.danawa.com/prod_img/500000/498/523/img/3523498_1.jpg"
"GIGABYTE  GA-Z270X-Gaming 5 어로스 제이씨현,GIGABYTE,인텔 CPU용,인텔(소켓1151),(인텔) Z270,일반-ATX (30.5 x 24.4cm),DDR4,4개,최대 64GB,CrossFire X + SLI,PCIe3.0 x16,PCI-Express 3.0 x16,(M.2) 2개,,,O,O,,,,,,O,O,PS/2 콤보 1개,O,,,,363060,http://timg.danawa.com/prod_img/500000/773/813/img/4813773_1.jpg"
"GIGABYTE  GA-Z270X-Gaming 8 어로스 피씨디렉트,GIGABYTE,인텔 CPU용,인텔(소켓1151),(인텔) Z270,일반-ATX (30.5 x 24.4cm),DDR4,4개,최대 64GB,CrossFire X + SLI,PCIe3.0 x16,PCI-Express 3.0 x16,(M.2) 2개,,,O,O,,,,,,O,O,PS/2 콤보 1개,O,,,,636860,http://timg.danawa.com/prod_img/500000/863/871/img/4871863_1.jpg"
"GIGABYTE  GA-B250M-HD3 듀러블에디션 피씨디렉트,GIGABYTE,인텔 CPU용,인텔(소켓1151),(인텔) B250,Micro-ATX (24.4 x 17.4cm),DDR4,2개,최대 32GB,,PCIe3.0 x16,,(M.2) 1개,O,O,O,,,,,,,O,,PS/2 콤보 1개,O,,,,108000,http://timg.danawa.com/prod_img/500000/372/816/img/4816372_1.jpg"
"ASUS PRIME B250-PRO STCOM,ASUS,인텔 CPU용,인텔(소켓1151),(인텔) B250,일반-ATX (30.5 x 21.8cm),DDR4,4개,최대 64GB,CrossFire X,PCIe3.0 x16,PCI-Express 3.0 x16,(M.2) 2개,O,O,O,,,,,,,O,O,PS/2 콤보 1개,O,,,,173000,http://timg.danawa.com/prod_img/500000/537/833/img/4833537_1.jpg"
"마이크로닉스  TH110-HM,마이크로닉스,인텔 CPU용,인텔(소켓1151),(인텔) H110,Mini-iTX (17.0 x 17.0cm),DDR3/DDR3L,2개,최대 32GB,,,,,,,O,,,,,,,,,,O,,,,115790,http://timg.danawa.com/prod_img/500000/958/710/img/4710958_1.jpg"
"ASUS  E3 PRO V5 iBORA,ASUS,인텔 CPU용,인텔(소켓1151),(인텔) C232,일반-ATX (30.5 x 24.4cm),DDR4,4개,최대 64GB,CrossFire X,PCIe3.0 x16,PCI-Express 3.0 x16,(M.2) 1개,,,,,,,,,,O,,PS/2 포트 2개,O,,,,158680,http://timg.danawa.com/prod_img/500000/949/786/img/3786949_1.jpg"
"GIGABYTE  GA-B250M-HD3 듀러블에디션 제이씨현,GIGABYTE,인텔 CPU용,인텔(소켓1151),(인텔) B250,Micro-ATX (24.4 x 17.4cm),DDR4,2개,최대 32GB,,PCIe3.0 x16,,(M.2) 1개,O,O,O,,,,,,,O,,PS/2 콤보 1개,O,,,,107960,http://timg.danawa.com/prod_img/500000/063/817/img/4817063_1.jpg"
"ASUS  X99-A II STCOM,ASUS,인텔 CPU용,인텔(소켓2011-V3),(인텔) X99,일반-ATX (30.5 x 24.4cm),DDR4,8개,최대 128GB 이상,CrossFire X,PCIe3.0 x16,PCI-Express 3.0 x16,(M.2) 1개,,,,,,,,,,O,O,PS/2 콤보 1개,O,,,,440660,http://timg.danawa.com/prod_img/500000/008/073/img/4073008_1.jpg"
"GIGABYTE  GA-Z270X-Gaming 8 어로스 제이씨현,GIGABYTE,인텔 CPU용,인텔(소켓1151),(인텔) Z270,일반-ATX (30.5 x 24.4cm),DDR4,4개,최대 64GB,CrossFire X + SLI,PCIe3.0 x16,PCI-Express 3.0 x16,(M.2) 2개,,,O,O,,,,,,O,O,PS/2 콤보 1개,O,,,,672980,http://timg.danawa.com/prod_img/500000/902/836/img/4836902_1.jpg"
"ASRock  X99 Gaming i7 에즈윈,ASRock,인텔 CPU용,인텔(소켓2011-V3),(인텔) X99,일반-ATX (30.5 x 24.4cm),DDR4,8개,최대 128GB 이상,SLI,PCIe3.0 x16,PCI-Express 3.0 x16,(M.2) 2개,,,,,,,,,,,,PS/2 콤보 1개,O,,,,406000,http://timg.danawa.com/prod_img/500000/036/410/img/4410036_1.jpg"
"GIGABYTE  GA-H270M-D3H 듀러블에디션 제이씨현,GIGABYTE,인텔 CPU용,인텔(소켓1151),(인텔) H270,Micro-ATX (24.4 x 22.5cm),DDR4,4개,최대 64GB,CrossFire X,PCIe3.0 x16,,(M.2) 1개,O,O,O,,,,,,,O,,PS/2 콤보 1개,O,,,,175000,http://timg.danawa.com/prod_img/500000/719/841/img/4841719_1.jpg"
"GIGABYTE  GA-B250M-Gaming 5 게이밍에디션 제이씨현,GIGABYTE,인텔 CPU용,인텔(소켓1151),(인텔) B250,Micro-ATX (24.4 x 24.4cm),DDR4,4개,최대 64GB,CrossFire X,PCIe3.0 x16,,(M.2) 1개,O,O,,,,,,,,O,,PS/2 콤보 1개,O,,,,184410,http://timg.danawa.com/prod_img/500000/063/912/img/4912063_1.jpg"
"MSI  H81M-P33 웨이코스,MSI,인텔 CPU용,인텔(소켓1150),(인텔) H81,Micro-ATX (24.4 x 24.4cm),DDR3,2개,최대 16GB,,PCIe x16,없음,,O,O,,,,,,,,O,,PS/2 포트 2개,O,,,,56820,http://timg.danawa.com/prod_img/500000/695/179/img/2179695_1.jpg"
"ASUS PRIME Z270-K STCOM,ASUS,인텔 CPU용,인텔(소켓1151),(인텔) Z270,일반-ATX (30.5 x 24.4cm),DDR4,4개,최대 64GB,CrossFire X,PCIe3.0 x16,PCI-Express 3.0 x16,(M.2) 2개,O,O,O,,,,,,,O,O,PS/2 콤보 1개,O,,,,223010,http://timg.danawa.com/prod_img/500000/114/814/img/4814114_1.jpg"
"ASUS ROG STRIX H270F GAMING STCOM,ASUS,인텔 CPU용,인텔(소켓1151),(인텔) H270,일반-ATX (30.5 x 24.4cm),DDR4,4개,최대 64GB,CrossFire X,PCIe3.0 x16,PCI-Express 3.0 x16,(M.2) 2개,,O,O,O,,,,,,,,,,,,,204780,http://timg.danawa.com/prod_img/500000/796/835/img/4835796_1.jpg"
"GIGABYTE  GA-Gaming B8 게이밍에디션 피씨디렉트,GIGABYTE,인텔 CPU용,인텔(소켓1151),(인텔) B250,일반-ATX (30.5 x 23.3cm),DDR4,4개,최대 64GB,CrossFire X,PCIe3.0 x16,PCI-Express 3.0 x16,(M.2) 1개,,O,O,,,,,,,O,O,PS/2 콤보 1개,O,,,,184410,http://timg.danawa.com/prod_img/500000/450/816/img/4816450_1.jpg"
"GIGABYTE  GA-H110M-M.2 듀러블에디션 피씨디렉트,GIGABYTE,인텔 CPU용,인텔(소켓1151),(인텔) H110,Micro-ATX (22.6 x 17.4cm),DDR4,2개,최대 32GB,,PCIe3.0 x16,,(M.2) 1개,O,O,O,,,,,,,O,,PS/2 포트 2개,O,,,,80000,http://timg.danawa.com/prod_img/500000/195/026/img/5026195_1.jpg"
"ASUS  H110-PLUS iBORA,ASUS,인텔 CPU용,인텔(소켓1151),(인텔) H110,일반-ATX (30.5 x 24.4cm),DDR4,2개,최대 32GB,,,,,O,O,,,,,,,O,O,,PS/2 포트 2개,O,,,,98640,http://timg.danawa.com/prod_img/500000/301/672/img/3672301_1.jpg"
"GIGABYTE  GA-H170N-WiFi 듀러블에디션 피씨디렉트,GIGABYTE,인텔 CPU용,인텔(소켓1151),(인텔) H170,Mini-iTX (17.0 x 17.0cm),DDR4,2개,최대 32GB,,,,(M.2) 1개,,O,O,,,,,,,O,,PS/2 콤보 1개,O,,O,O,152250,http://timg.danawa.com/prod_img/500000/371/469/img/3469371_1.jpg"
"ASUS  H110I-PLUS STCOM,ASUS,인텔 CPU용,인텔(소켓1151),(인텔) H110,Mini-iTX (17.0 x 17.0cm),DDR4,2개,최대 32GB,,,,,O,O,O,,,,,,,O,,PS/2 콤보 1개,O,,,,120000,http://timg.danawa.com/prod_img/500000/571/548/img/3548571_1.jpg"
"GIGABYTE  GA-H270-HD3P 듀러블에디션 피씨디렉트,GIGABYTE,인텔 CPU용,인텔(소켓1151),(인텔) H270,일반-ATX (30.5 x 22.5cm),DDR4,4개,최대 64GB,CrossFire X,PCIe3.0 x16,PCI-Express 3.0 x16,(M.2) 1개,O,O,O,,,,,,,O,O,PS/2 콤보 1개,O,,,,179050,http://timg.danawa.com/prod_img/500000/494/827/img/4827494_1.jpg"
"ASUS  E3 PRO GAMING V5 iBORA,ASUS,인텔 CPU용,인텔(소켓1151),(인텔) C232,일반-ATX (30.5 x 24.4cm),DDR4,4개,최대 64GB,CrossFire X,PCIe3.0 x16,PCI-Express 3.0 x16,(M.2) 1개,,,,,,,,,,O,O,PS/2 포트 2개,O,,,,172620,http://timg.danawa.com/prod_img/500000/816/663/img/3663816_1.jpg"
"MSI  Z270 피씨 메이트,MSI,인텔 CPU용,인텔(소켓1151),(인텔) Z270,일반-ATX (30.4 x 24.3cm),DDR4,4개,최대 64GB,CrossFire,PCIe3.0 x16,,(M.2) 2개,O,O,O,,,,,,,O,O,PS/2 콤보 1개,O,,,,201000,http://timg.danawa.com/prod_img/500000/253/889/img/4889253_1.jpg"
"ASUS PRIME B250M-PLUS STCOM,ASUS,인텔 CPU용,인텔(소켓1151),(인텔) B250,Micro-ATX (24.4 x 22.4cm),DDR4,4개,최대 64GB,CrossFire X,PCIe3.0 x16,PCI-Express 3.0 x16,(M.2) 2개,O,O,O,,,,,,,O,,PS/2 콤보 1개,O,,,,140450,http://timg.danawa.com/prod_img/500000/504/833/img/4833504_1.jpg"
"ASUS  MAXIMUS VIII EXTREME STCOM,ASUS,인텔 CPU용,인텔(소켓1151),(인텔) Z170,Extended-ATX (30.5 x 33.0cm),DDR4,4개,최대 64GB,CrossFire X,PCIe3.0 x16,PCI-Express 3.0 x16,(M.2) 1개,,,O,O,,,,,,O,O,PS/2 콤보 1개,O,,O,O,568000,http://timg.danawa.com/prod_img/500000/243/482/img/3482243_1.jpg"
"GIGABYTE  GA-B250M-DS3H + 옵테인 메모리 16GB 피씨디렉트,GIGABYTE,인텔 CPU용,인텔(소켓1151),(인텔) B250,Micro-ATX (24.4 x 22.8cm),DDR4,4개,최대 64GB,,PCIe3.0 x16,,(M.2) 1개,O,O,O,,,,,,,O,,PS/2 콤보 1개,O,,,,167260,http://timg.danawa.com/prod_img/500000/412/204/img/5204412_1.jpg"
"ASUS ROG MAXIMUS IX CODE iBORA,ASUS,인텔 CPU용,인텔(소켓1151),(인텔) Z270,일반-ATX (30.5 x 24.4cm),DDR4,4개,최대 64GB,CrossFire X + SLI,PCIe3.0 x16,PCI-Express 3.0 x16,(M.2) 2개,,,O,O,,,,,,O,O,,O,,O,O,533930,http://timg.danawa.com/prod_img/500000/297/810/img/4810297_1.jpg"
"GIGABYTE  GA-Z270X-UD3 듀러블에디션 피씨디렉트,GIGABYTE,인텔 CPU용,인텔(소켓1151),(인텔) Z270,일반-ATX (30.5 x 22.5cm),DDR4,4개,최대 64GB,CrossFire X + SLI,PCIe3.0 x16,PCI-Express 3.0 x16,(M.2) 1개,,,O,,,,,,,O,O,PS/2 콤보 1개,O,,,,249810,http://timg.danawa.com/prod_img/500000/511/827/img/4827511_1.jpg"
"GIGABYTE  GA-Z270X-UD5 듀러블에디션 피씨디렉트,GIGABYTE,인텔 CPU용,인텔(소켓1151),(인텔) Z270,일반-ATX (30.5 x 24.4cm),DDR4,4개,최대 64GB,CrossFire X + SLI,PCIe3.0 x16,PCI-Express 3.0 x16,(M.2) 1개,,,O,O,,,,,,O,O,PS/2 콤보 1개,O,,,,314140,http://timg.danawa.com/prod_img/500000/973/823/img/4823973_1.jpg"
"GIGABYTE  GA-Z270X-UD3 듀러블에디션 제이씨현,GIGABYTE,인텔 CPU용,인텔(소켓1151),(인텔) Z270,일반-ATX (30.5 x 22.5cm),DDR4,4개,최대 64GB,CrossFire X + SLI,PCIe3.0 x16,PCI-Express 3.0 x16,(M.2) 1개,,,O,,,,,,,O,O,PS/2 포트 2개,O,,,,259460,http://timg.danawa.com/prod_img/500000/239/817/img/4817239_1.jpg"
"ASRock  H81M-DGS R2.0 에즈윈,ASRock,인텔 CPU용,인텔(소켓1150),(인텔) H81,Micro-ATX (24.4 x 24.4cm),DDR3,2개,최대 16GB,,PCIe x16,없음,,O,O,,,,,,,,O,,PS/2 콤보 1개,O,,,,59000,http://timg.danawa.com/prod_img/500000/348/364/img/2364348_1.jpg"
"GIGABYTE  GA-B250M-D3V 듀러블에디션 제이씨현,GIGABYTE,인텔 CPU용,인텔(소켓1151),(인텔) B250,Micro-ATX (24.4 x 17.4cm),DDR4,2개,최대 32GB,,PCIe3.0 x16,,(M.2) 1개,O,O,,,,,,,O,O,,PS/2 콤보 1개,O,,,,102390,http://timg.danawa.com/prod_img/500000/050/817/img/4817050_1.jpg"
"GIGABYTE  GA-X99-Phoenix SLI 게이밍에디션 제이씨현,GIGABYTE,인텔 CPU용,인텔(소켓2011-V3),(인텔) X99,Extended-ATX (30.5 x 33.0cm),DDR4,8개,최대 128GB 이상,CrossFire X + SLI,PCIe3.0 x16,PCI-Express 3.0 x16,(M.2) 1개,,,,,,,,,,O,O,PS/2 콤보 1개,O,,O,O,513560,http://timg.danawa.com/prod_img/500000/483/178/img/4178483_1.jpg"
"GIGABYTE  GA-Z270-Gaming 3 게이밍에디션 제이씨현,GIGABYTE,인텔 CPU용,인텔(소켓1151),(인텔) Z270,일반-ATX (30.5 x 24.4cm),DDR4,4개,최대 64GB,CrossFire X,PCIe3.0 x16,PCI-Express 3.0 x16,(M.2) 1개,,O,O,,,,,,,O,O,PS/2 콤보 1개,O,,,,216580,http://timg.danawa.com/prod_img/500000/950/836/img/4836950_1.jpg"
"MSI  X99A XPOWER 게이밍 티타늄,MSI,인텔 CPU용,인텔(소켓2011-V3),(인텔) X99,일반-ATX (30.5 x 24.4cm),DDR4,8개,최대 128GB 이상,CrossFire X,PCIe3.0 x16,PCI-Express 3.0 x16,(M.2) 1개,,,,,,,,,,O,O,PS/2 콤보 1개,O,,,,599340,http://timg.danawa.com/prod_img/500000/561/267/img/4267561_1.jpg"
"ASRock  H110M-HDV 디앤디컴 (벌크),ASRock,인텔 CPU용,인텔(소켓1151),(인텔) H110,Micro-ATX (23.0 x 18.2cm),DDR4,2개,최대 32GB,,,,,O,O,O,,,,,,,O,,PS/2 콤보 1개,O,,,,76000,http://timg.danawa.com/prod_img/500000/393/712/img/3712393_1.jpg"
"ASUS  H81M-D PLUS STCOM,ASUS,인텔 CPU용,인텔(소켓1150),(인텔) H81,Micro-ATX (24.4 x 24.4cm),DDR3,2개,최대 16GB,,PCIe x16,없음,,O,O,,,,,,,,O,,PS/2 포트 2개,O,,,,70000,http://timg.danawa.com/prod_img/500000/465/339/img/2339465_1.jpg"
"ASUS PRIME Z270-K 코잇,ASUS,인텔 CPU용,인텔(소켓1151),(인텔) Z270,일반-ATX (30.5 x 24.4cm),DDR4,4개,최대 64GB,CrossFire X,PCIe3.0 x16,PCI-Express 3.0 x16,(M.2) 2개,O,O,O,,,,,,,O,O,PS/2 콤보 1개,O,,,,222000,http://timg.danawa.com/prod_img/500000/786/814/img/4814786_1.jpg"
"ECS  ESSENTIALS H81H3-TI2 코잇,ECS,인텔 CPU용,인텔(소켓1150),(인텔) H81,Mini-iTX (17.0 x 17.0cm),DDR3 노트북용,2개,최대 8GB,,,,,,,O,,,,,,,O,,,O,,,,101310,http://timg.danawa.com/prod_img/500000/272/818/img/3818272_1.jpg"
"GIGABYTE  GA-H270M-D3H 듀러블에디션 피씨디렉트,GIGABYTE,인텔 CPU용,인텔(소켓1151),(인텔) H270,Micro-ATX (24.4 x 22.5cm),DDR4,4개,최대 64GB,CrossFire X,PCIe3.0 x16,,(M.2) 1개,O,O,O,,,,,,,O,,PS/2 콤보 1개,O,,,,165110,http://timg.danawa.com/prod_img/500000/919/835/img/4835919_1.jpg"
"ASUS ROG STRIX Z270H GAMING iBORA,ASUS,인텔 CPU용,인텔(소켓1151),(인텔) Z270,일반-ATX (30.5 x 23.4cm),DDR4,4개,최대 64GB,CrossFire X + SLI,PCIe3.0 x16,PCI-Express 3.0 x16,(M.2) 2개,,O,O,,,,,,,O,O,PS/2 콤보 1개,O,,,,234800,http://timg.danawa.com/prod_img/500000/289/813/img/4813289_1.jpg"
"GIGABYTE  GA-B150M-D3V 듀러블에디션 피씨디렉트,GIGABYTE,인텔 CPU용,인텔(소켓1151),(인텔) B150,Micro-ATX (24.4 x 24.4cm),DDR4,2개,최대 32GB,,PCIe3.0 x16,,(M.2) 1개,O,O,,,,,,,O,O,,PS/2 콤보 1개,O,,,,88000,http://timg.danawa.com/prod_img/500000/646/543/img/3543646_1.jpg"
"GIGABYTE  GA-Gaming B8 게이밍에디션 제이씨현,GIGABYTE,인텔 CPU용,인텔(소켓1151),(인텔) B250,일반-ATX (30.5 x 23.3cm),DDR4,4개,최대 64GB,CrossFire X,PCIe3.0 x16,PCI-Express 3.0 x16,(M.2) 1개,,O,O,,,,,,,O,O,PS/2 콤보 1개,O,,,,192450,http://timg.danawa.com/prod_img/500000/930/813/img/4813930_1.jpg"
"ASRock  H110M-HDVP2 에즈윈 (벌크),ASRock,인텔 CPU용,인텔(소켓1151),(인텔) H110,Micro-ATX (24.4 x 24.4cm),DDR4,2개,최대 32GB,,PCIe3.0 x16,,,O,O,O,,,,,O,,O,,PS/2 포트 2개,O,,,,74510,http://timg.danawa.com/prod_img/500000/553/091/img/4091553_1.jpg"
"GIGABYTE  GA-Z270X-Gaming SOC OC에디션 제이씨현,GIGABYTE,인텔 CPU용,인텔(소켓1151),(인텔) Z270,ATX (30.5x24.4cm),DDR4,4개,최대 64GB,CrossFire X + SLI,PCIe3.0 x8,PCI-Express 3.0 x8,(M.2) 2개,,,O,O,,,,,,O,O,PS/2 콤보 1개,O,,,,347140,http://timg.danawa.com/prod_img/500000/905/976/img/4976905_1.jpg"
"ASUS  Z10PE-D16/4L STCOM,ASUS,인텔 CPU용,인텔(소켓2011-V3),기타,EEB 12인치 x 13인치,DDR4 RDIMM,16개,최대 128GB 이상,CrossFire X,PCIe3.0 x16,PCI-Express 3.0 x16,(M.2) 1개,O,,,,,,,,,O,,PS/2 콤보 1개,O,,,,776700,http://timg.danawa.com/prod_img/500000/887/135/img/3135887_1.jpg"
"ASUS STRIX B250H GAMING iBORA,ASUS,인텔 CPU용,인텔(소켓1151),(인텔) B250,ATX (30.5x23.4cm),DDR4,4개,최대 64GB,CrossFire X,PCIe3.0 x16,,(M.2) 2개,,,O,O,,,,,,O,,PS/2 콤보 1개,O,,,,188500,http://timg.danawa.com/prod_img/500000/418/122/img/5122418_1.jpg"
"ASUS  X99-DELUXE II STCOM,ASUS,인텔 CPU용,인텔(소켓2011-V3),(인텔) X99,일반-ATX (30.5 x 24.4cm),DDR4,8개,최대 128GB 이상,CrossFire X,PCIe3.0 x16,PCI-Express 3.0 x16,(M.2) 1개,,,,,,,,,,O,O,PS/2 없음,O,,O,O,597000,http://timg.danawa.com/prod_img/500000/050/073/img/4073050_1.jpg"
"GIGABYTE  GA-Z270N-WiFi 듀러블에디션 제이씨현,GIGABYTE,인텔 CPU용,인텔(소켓1151),(인텔) Z270,Mini-iTX (17.0 x 17.0cm),DDR4,2개,최대 32GB,,PCIe3.0 x16,,(M.2) 1개,,O,O,,,,,,,O,,PS/2 콤보 1개,O,,O,O,253030,http://timg.danawa.com/prod_img/500000/899/855/img/4855899_1.jpg"
"ASUS  P10S-X iBORA,ASUS,인텔 CPU용,인텔(소켓1151),(인텔) C232,일반-ATX (30.5 x 24.4cm),DDR4,4개,최대 64GB,,PCIe3.0 x16,없음,,O,,,,,,,O,,O,,PS/2 콤보 1개,O,,,,243380,http://timg.danawa.com/prod_img/500000/094/707/img/3707094_1.jpg"
"GIGABYTE  GA-Z270N-Gaming 5 게이밍에디션 피씨디렉트,GIGABYTE,인텔 CPU용,인텔(소켓1151),(인텔) Z270,Mini-iTX (17.0 x 17.0cm),DDR4,4개,최대 32GB,,PCIe3.0 x16,PCI-Express 3.0 x16,(M.2) 1개,,,O,O,,,,,,O,O,PS/2 콤보 1개,O,,,,276620,http://timg.danawa.com/prod_img/500000/898/986/img/4986898_1.jpg"
"ASUS PRIME H270M-PLUS STCOM,ASUS,인텔 CPU용,인텔(소켓1151),(인텔) H270,Micro-ATX (24.38 x 23.88cm),DDR4,4개,최대 64GB,CrossFire X,PCIe3.0 x16,PCI-Express 3.0 x16,(M.2) 2개,O,O,O,,,,,,,O,,PS/2 포트 2개,O,,,,162970,http://timg.danawa.com/prod_img/500000/754/835/img/4835754_1.jpg"
"ASRock  B250M Performance 디앤디컴,ASRock,인텔 CPU용,인텔(소켓1151),(인텔) B250,Micro-ATX (24.4 x 24.4cm),DDR4,4개,최대 64GB,CrossFire X,PCIe3.0 x16,PCI-Express 3.0 x16,(M.2) 2개,O,O,O,,,,,,,O,,PS/2 포트 2개,O,,,,135000,http://timg.danawa.com/prod_img/500000/698/812/img/4812698_1.jpg"
"ASUS  RAMPAGE V EXTREME iBORA,ASUS,인텔 CPU용,인텔(소켓2011-V3),(인텔) X99,Extended-ATX (30.5 x 33.0cm),DDR4,8개,최대 64GB,CrossFire X,PCIe3.0 x16,PCI-Express 3.0 x16,(M.2) 1개,,,,,,,,,,O,,PS/2 콤보 1개,O,,O,O,666880,http://timg.danawa.com/prod_img/500000/304/786/img/2786304_1.jpg"
"에즈윈  AW G41-C2,에즈윈,인텔 CPU용,인텔(소켓775),(인텔) G41,Micro-ATX (24.4 x 24.4cm),DDR3,2개,최대 8GB,,,,,O,,,,,,,,,,,PS/2 포트 2개,,,,,93500,http://timg.danawa.com/prod_img/500000/150/827/img/4827150_1.jpg"
"GIGABYTE  GA-Z270-HD3P 듀러블에디션 피씨디렉트,GIGABYTE,인텔 CPU용,인텔(소켓1151),(인텔) Z270,일반-ATX (30.5 x 22.5cm),DDR4,4개,최대 64GB,CrossFire X,PCIe3.0 x16,PCI-Express 3.0 x16,(M.2) 1개,O,O,O,,,,,,,O,O,PS/2 콤보 1개,O,,,,214430,http://timg.danawa.com/prod_img/500000/067/836/img/4836067_1.jpg"
"ASUS ROG STRIX Z270H GAMING STCOM,ASUS,인텔 CPU용,인텔(소켓1151),(인텔) Z270,일반-ATX (30.5 x 23.4cm),DDR4,4개,최대 64GB,CrossFire X + SLI,PCIe3.0 x16,PCI-Express 3.0 x16,(M.2) 2개,,O,O,,,,,,,O,O,PS/2 콤보 1개,O,,,,248000,http://timg.danawa.com/prod_img/500000/280/814/img/4814280_1.jpg"
"GIGABYTE  GA-X99-UD4 듀러블에디션 제이씨현,GIGABYTE,인텔 CPU용,인텔(소켓2011-V3),(인텔) X99,일반-ATX (30.5 x 24.4cm),DDR4,8개,최대 64GB,CrossFire X,PCIe3.0 x16,PCI-Express 3.0 x16,(M.2) 2개,,,,,,,,,,O,,PS/2 포트 2개,O,,,,323030,http://timg.danawa.com/prod_img/500000/737/785/img/2785737_1.jpg"
"ASUS ROG MAXIMUS IX CODE 코잇,ASUS,인텔 CPU용,인텔(소켓1151),(인텔) Z270,일반-ATX (30.5 x 24.4cm),DDR4,4개,최대 64GB,CrossFire X + SLI,PCIe3.0 x16,PCI-Express 3.0 x16,(M.2) 2개,,,O,O,,,,,,O,O,,O,,O,O,563000,http://timg.danawa.com/prod_img/500000/548/814/img/4814548_1.jpg"
"ASRock  J3455B-ITX 에즈윈,ASRock,인텔 CPU용,인텔(CPU내장),,Mini-iTX (17.0 x 17.0cm),DDR3/DDR3L,2개,최대 16GB,,,,,O,,O,,,,,,,,,PS/2 포트 2개,O,,,,109000,http://timg.danawa.com/prod_img/500000/947/617/img/4617947_1.jpg"
"ASUS ROG MAXIMUS IX APEX iBORA,ASUS,인텔 CPU용,인텔(소켓1151),(인텔) Z270,Extended-ATX (30.5 x 27.2cm),DDR4,2개,최대 32GB,CrossFire X + SLI(Quad),PCIe3.0 x16,PCI-Express 3.0 x8,(M.2) 2개,,,O,O,,,,,,O,O,PS/2 포트 2개,O,,,,431010,http://timg.danawa.com/prod_img/500000/548/902/img/4902548_1.jpg"
"ASRock  X99 Taichi 디앤디컴,ASRock,인텔 CPU용,인텔(소켓2011-V3),(인텔) X99,일반-ATX (30.5 x 24.4cm),DDR4,8개,최대 128GB 이상,,PCIe3.0 x16,,(M.2) 2개,,,,,,,,,,O,O,PS/2 콤보 1개,O,,,,323000,http://timg.danawa.com/prod_img/500000/206/312/img/4312206_1.jpg"
"ASUS  Z10PA-D8 STCOM,ASUS,인텔 CPU용,인텔(소켓2011-V3),(인텔) C612,일반-ATX (30.5 x 24.4cm),DDR4,8개,최대 128GB 이상,,,,(M.2) 1개,O,,,,,,,,,O,,PS/2 콤보 1개,O,,,,540900,http://timg.danawa.com/prod_img/500000/884/257/img/3257884_1.jpg"
"ASUS PRIME B250M-C STCOM,ASUS,인텔 CPU용,인텔(소켓1151),(인텔) B250,Micro-ATX (22.6 x 18.5cm),DDR4,4개,최대 64GB,,PCIe3.0 x16,,(M.2) 2개,,O,O,O,,,,,,O,,PS/2 포트 2개,O,,,,158680,http://timg.danawa.com/prod_img/500000/480/833/img/4833480_1.jpg"
"GIGABYTE  GA-Z170X-Gaming 7 게이밍에디션 제이씨현,GIGABYTE,인텔 CPU용,인텔(소켓1151),(인텔) Z170,일반-ATX (30.5 x 24.4cm),DDR4,4개,최대 64GB,CrossFire X + SLI,PCIe3.0 x16,PCI-Express 3.0 x16,(M.2) 2개,,,O,O,,,,,,O,O,PS/2 콤보 1개,O,,,,379000,http://timg.danawa.com/prod_img/500000/975/352/img/3352975_1.jpg"
"ASUS  E3M-ET V5 STCOM,ASUS,인텔 CPU용,인텔(소켓1151),(인텔) C232,Micro-ATX (24.4 x 24.4cm),DDR4,2개,최대 32GB,,PCIe3.0 x16,없음,(M.2) 1개,,,,,,,,,,O,,PS/2 포트 2개,O,,,,137570,http://timg.danawa.com/prod_img/500000/894/804/img/3804894_1.jpg"
"GIGABYTE  GA-Z270-HD3 + 옵테인 메모리 16GB 피씨디렉트,GIGABYTE,인텔 CPU용,인텔(소켓1151),(인텔) Z270,ATX (30.5x24.4cm),DDR4,4개,최대 64GB,CrossFire X,PCIe3.0 x16,,(M.2) 1개,O,O,O,,,,,,,O,,PS/2 콤보 1개,O,,,,240700,http://timg.danawa.com/prod_img/500000/416/204/img/5204416_1.jpg"
"ASRock  H110M-ITX 디앤디컴,ASRock,인텔 CPU용,인텔(소켓1151),(인텔) H110,Mini-iTX (17.0 x 17.0cm),DDR4,2개,최대 32GB,,PCIe3.0 x16,없음,,,O,O,,,,,,,O,,PS/2 콤보 1개,O,,,,110430,http://timg.danawa.com/prod_img/500000/698/599/img/3599698_1.jpg"
"GIGABYTE  GA-Z270-Phoenix Gaming 게이밍에디션 피씨디렉트,GIGABYTE,인텔 CPU용,인텔(소켓1151),(인텔) Z270,일반-ATX (30.5 x 24.4cm),DDR4,4개,최대 64GB,CrossFire X,PCIe3.0 x16,,(M.2) 1개,,O,O,,,,,,,O,,PS/2 콤보 1개,O,,,,225150,http://timg.danawa.com/prod_img/500000/821/986/img/4986821_1.jpg"
"MSI  X99A 토마호크,MSI,인텔 CPU용,인텔(소켓2011-V3),(인텔) X99,일반-ATX (30.5 x 24.4cm),DDR4,8개,최대 128GB 이상,CrossFire X,PCIe3.0 x16,PCI-Express 3.0 x16,(M.2) 1개,,,,,,,,,,O,,PS/2 콤보 1개,O,,,,398840,http://timg.danawa.com/prod_img/500000/522/400/img/4400522_1.jpg"
"MSI  X99A 게이밍 프로 카본,MSI,인텔 CPU용,인텔(소켓2011-V3),(인텔) X99,일반-ATX (30.5 x 24.4cm),DDR4,8개,최대 128GB 이상,CrossFire X,PCIe3.0 x16,PCI-Express 3.0 x16,(M.2) 1개,,,,,,,,,,O,O,PS/2 콤보 1개,O,,,,503910,http://timg.danawa.com/prod_img/500000/541/102/img/4102541_1.jpg"
"GIGABYTE  GA-X150M-PRO ECC 듀러블에디션 피씨디렉트,GIGABYTE,인텔 CPU용,인텔(소켓1151),(인텔) C232,Micro-ATX (24.4 x 22.5cm),DDR4,4개,최대 64GB,CrossFire X,PCIe3.0 x16,PCI-Express 3.0 x16,(M.2) 1개,,,,,,,,,,O,,PS/2 포트 2개,O,,,,146000,http://timg.danawa.com/prod_img/500000/597/741/img/3741597_1.jpg"
"ASRock  B250M-HDV 에즈윈 (벌크),ASRock,인텔 CPU용,인텔(소켓1151),(인텔) B250,Micro-ATX (22.5 x 18.5cm),DDR4,2개,최대 32GB,,PCIe3.0 x16,,(M.2) 1개,O,O,O,,,,,,,O,,PS/2 콤보 1개,O,,,,88990,http://timg.danawa.com/prod_img/500000/882/000/img/5000882_1.jpg"
"ASRock  J3355B-ITX 에즈윈,ASRock,인텔 CPU용,인텔(CPU내장),(인텔)셀러론 J3355,Mini-iTX (17.0 x 17.0cm),DDR3/DDR3L,2개,최대 16GB,,,,,O,,O,,,,,,,,,PS/2 포트 2개,O,,,,92000,http://timg.danawa.com/prod_img/500000/893/617/img/4617893_1.jpg"
"GIGABYTE  GA-B250M-D2V 듀러블에디션 피씨디렉트,GIGABYTE,인텔 CPU용,인텔(소켓1151),(인텔) B250,Micro-ATX (22.6 x 17.4cm),DDR4,2개,최대 32GB,,PCIe3.0 x16,,,O,O,,,,,,,,O,,PS/2 포트 2개,O,,,,99000,http://timg.danawa.com/prod_img/500000/635/904/img/4904635_1.jpg"
"GIGABYTE  GA-X150M-PLUS WS 듀러블에디션 피씨디렉트,GIGABYTE,인텔 CPU용,인텔(소켓1151),(인텔) C232,Micro-ATX (24.4 x 24.4cm),DDR4,2개,최대 32GB,,PCIe3.0 x16,,,,,,,,,,,,O,,PS/2 포트 2개,O,,,,124000,http://timg.danawa.com/prod_img/500000/921/724/img/3724921_1.jpg"
"GIGABYTE  GA-Z270X-Gaming SOC OC에디션 피씨디렉트,GIGABYTE,인텔 CPU용,인텔(소켓1151),(인텔) Z270,ATX (30.5x24.4cm),DDR4,4개,최대 64GB,CrossFire X + SLI,PCIe3.0 x16,PCI-Express 3.0 x8,(M.2) 2개,,,O,O,,,,,,,,PS/2 콤보 1개,O,,,,308780,http://timg.danawa.com/prod_img/500000/206/996/img/4996206_1.jpg"
"ASUS ROG MAXIMUS IX APEX 코잇,ASUS,인텔 CPU용,인텔(소켓1151),(인텔) Z270,Extended-ATX (30.5 x 27.2cm),DDR4,2개,최대 32GB,CrossFire X + SLI(Quad),PCIe3.0 x16,PCI-Express 3.0 x8,,,,O,O,,,,,,O,O,PS/2 포트 2개,O,,,,458000,http://timg.danawa.com/prod_img/500000/580/890/img/4890580_1.jpg"
"ASUS  P9D-E/4L STCOM,ASUS,인텔 CPU용,인텔(소켓1150),(인텔) C224,일반-ATX (30.5 x 24.4cm),DDR3,4개,최대 32GB,,PCIe x16,없음,,O,,,,,,,,,O,,PS/2 콤보 1개,O,,,,370900,http://timg.danawa.com/prod_img/500000/071/764/img/2764071_1.jpg"
"ASRock  Q170M vPRO 에즈윈,ASRock,인텔 CPU용,인텔(소켓1151),(인텔) Q170,Micro-ATX (24.4 x 24.4cm),DDR4,4개,최대 64GB,CrossFire X,PCIe3.0 x16,PCI-Express 3.0 x16,(M.2) 1개,O,O,O,,,,,,,O,,PS/2 콤보 1개,O,,,,229440,http://timg.danawa.com/prod_img/500000/998/631/img/3631998_1.jpg"
"ASUS STRIX B250G GAMING iBORA,ASUS,인텔 CPU용,인텔(소켓1151),(인텔) B250,M-ATX (24.4x21.8cm),DDR4,4개,최대 64GB,,,,(M.2) 2개,,O,O,,,,,,,O,,PS/2 콤보 1개,O,,,,165220,http://timg.danawa.com/prod_img/500000/461/122/img/5122461_1.jpg"
"GIGABYTE  GA-B150M-HD3 듀러블에디션 피씨디렉트,GIGABYTE,인텔 CPU용,인텔(소켓1151),(인텔) B150,Micro-ATX (24.4 x 24.4cm),DDR4,2개,최대 32GB,,,,(M.2) 1개,O,O,O,,,,,,,O,,PS/2 콤보 1개,O,,,,89000,http://timg.danawa.com/prod_img/500000/648/702/img/3702648_1.jpg"
"ASUS  E3 PRO V5 STCOM,ASUS,인텔 CPU용,인텔(소켓1151),(인텔) C232,일반-ATX (30.5 x 24.4cm),DDR4,4개,최대 64GB,CrossFire X,PCIe3.0 x16,PCI-Express 3.0 x16,(M.2) 1개,,,,,,,,,,O,,PS/2 포트 2개,O,,,,167860,http://timg.danawa.com/prod_img/500000/858/804/img/3804858_1.jpg"
"ASUS PRIME B250-PRO 코잇,ASUS,인텔 CPU용,인텔(소켓1151),(인텔) B250,일반-ATX (30.5 x 21.8cm),DDR4,4개,최대 64GB,CrossFire X,PCIe3.0 x16,,(M.2) 2개,O,O,O,,,,,,,O,O,PS/2 콤보 1개,O,,,,165860,http://timg.danawa.com/prod_img/500000/602/851/img/4851602_1.jpg"
"ASRock  H81M-DGS R2.0 에즈윈 (벌크),ASRock,인텔 CPU용,인텔(소켓1150),(인텔) H81,Micro-ATX (24.4 x 24.4cm),DDR3,2개,최대 16GB,,PCIe x16,없음,,O,O,,,,,,,,O,,PS/2 콤보 1개,O,,,,55750,http://timg.danawa.com/prod_img/500000/149/591/img/2591149_1.jpg"
"ASRock  B250M-HDV 디앤디컴 (벌크),ASRock,인텔 CPU용,인텔(소켓1151),(인텔) B250,Micro-ATX (18.2 x 22.5cm),DDR4,2개,최대 32GB,,PCIe3.0 x16,,(M.2) 1개,O,O,O,,,,,,,O,,PS/2 콤보 1개,O,,,,90680,http://timg.danawa.com/prod_img/500000/221/967/img/4967221_1.jpg"
"GIGABYTE  GA-H110N 듀러블에디션 피씨디렉트,GIGABYTE,인텔 CPU용,인텔(소켓1151),(인텔) H110,Mini-iTX (17.0 x 17.0cm),DDR4,2개,최대 32GB,,PCIe3.0 x16,,(M.2) 1개,O,O,O,,,,,,,O,,PS/2 콤보 1개,O,,,,119170,http://timg.danawa.com/prod_img/500000/752/853/img/3853752_1.jpg"
"ASUS  B150M-A/M.2 iBORA (벌크),ASUS,인텔 CPU용,인텔(소켓1151),(인텔) B150,Micro-ATX (24.4 x 24.4cm),DDR4,4개,최대 64GB,,PCIe3.0 x16,,(M.2) 1개,O,O,O,,,,,,,O,,PS/2 포트 2개,O,,,,91130,http://timg.danawa.com/prod_img/500000/687/817/img/4817687_1.jpg"
"ASUS  Z10PA-U8 iBORA,ASUS,인텔 CPU용,인텔(소켓2011-V3),(인텔) C612,,DDR4,8개,최대 128GB 이상,,,,(M.2) 1개,O,,,,,,,,,O,,PS/2 콤보 1개,O,,,,459950,http://timg.danawa.com/prod_img/500000/617/278/img/3278617_1.jpg"
"ASUS  H110M-K STCOM (벌크),ASUS,인텔 CPU용,인텔(소켓1151),(인텔) H110,Micro-ATX (22.6 x 18.3cm),DDR4,2개,최대 32GB,,,,,O,O,,,,,,,,O,,PS/2 포트 2개,O,,,,66930,http://timg.danawa.com/prod_img/500000/871/829/img/4829871_1.jpg"
"GIGABYTE  GA-X99-Designare EX 듀러블에디션 피씨디렉트,GIGABYTE,인텔 CPU용,인텔(소켓2011-V3),(인텔) X99,일반-ATX (30.5 x 24.4cm),DDR4,8개,최대 128GB 이상,CrossFire X,PCIe3.0 x16,PCI-Express 3.0 x16,(M.2) 1개,,,,O,,,,,,O,O,PS/2 콤보 1개,O,,O,O,584330,http://timg.danawa.com/prod_img/500000/044/242/img/4242044_1.jpg"
"ASUS  P10S-V/4L STCOM,ASUS,인텔 CPU용,인텔(소켓1151),(인텔) C236,일반-ATX (30.5 x 24.4cm),DDR4,4개,최대 64GB,,PCIe3.0 x16,없음,,O,,,,,,,O,,O,,PS/2 콤보 1개,O,,,,333300,http://timg.danawa.com/prod_img/500000/178/736/img/3736178_1.jpg"
"ASRock  H170M ITX/ac 에즈윈,ASRock,인텔 CPU용,인텔(소켓1151),(인텔) H170,Mini-iTX (17.0 x 17.0cm),DDR4,2개,최대 32GB,,PCIe3.0 x16,,,,O,O,,,,,,,O,,PS/2 콤보 1개,O,,O,O,175000,http://timg.danawa.com/prod_img/500000/983/417/img/3417983_1.jpg"
"ASUS  MAXIMUS VIII FORMULA STCOM,ASUS,인텔 CPU용,인텔(소켓1151),(인텔) Z170,일반-ATX (30.5 x 24.4cm),DDR4,4개,최대 64GB,CrossFire X,PCIe3.0 x16,PCI-Express 3.0 x16,(M.2) 1개,,,O,O,,,,,,O,O,PS/2 콤보 1개,O,,O,O,598450,http://timg.danawa.com/prod_img/500000/916/674/img/3674916_1.jpg"
"ASRock  Z170M-ITX/ac 디앤디컴,ASRock,인텔 CPU용,인텔(소켓1151),(인텔) Z170,Mini-iTX (17.0 x 17.0cm),DDR4,2개,최대 32GB,,PCIe3.0 x16,,,,O,O,O,,,,,,O,,PS/2 콤보 1개,O,,O,O,192640,http://timg.danawa.com/prod_img/500000/945/422/img/3422945_1.jpg"
"ASRock  Q170M vPRO 디앤디컴,ASRock,인텔 CPU용,인텔(소켓1151),(인텔) Q170,Micro-ATX (24.4 x 24.4cm),DDR4,4개,최대 64GB,CrossFire X,PCIe3.0 x16,PCI-Express 3.0 x16,(M.2) 1개,O,O,O,,,,,,,O,,PS/2 콤보 1개,O,,,,185640,http://timg.danawa.com/prod_img/500000/156/522/img/3522156_1.jpg"
"GIGABYTE  GA-Z170N-WIFI 듀러블에디션 피씨디렉트,GIGABYTE,인텔 CPU용,인텔(소켓1151),(인텔) Z170,Mini-iTX (17.0 x 17.0cm),DDR4,2개,최대 32GB,,,,(M.2) 1개,,O,O,,,,,,,O,,PS/2 콤보 1개,O,,O,O,190000,http://timg.danawa.com/prod_img/500000/381/395/img/3395381_1.jpg"
"MSI  B150M PRO-VDH 웨이코스,MSI,인텔 CPU용,인텔(소켓1151),(인텔) B150,Micro-ATX (24.4 x 24.4cm),DDR4,4개,최대 64GB,,PCIe3.0 x16,,,O,O,O,,,,,,,O,,PS/2 포트 2개,O,,,,93810,http://timg.danawa.com/prod_img/500000/120/468/img/3468120_1.jpg"
"ASUS  J1800I-C STCOM,ASUS,인텔 CPU용,인텔(기타),기타,Mini-iTX (17.0 x 17.0cm),DDR3L 노트북용,2개,최대 8GB,,없음,없음,,O,,O,,,,,,,O,,PS/2 콤보 1개,O,,,,105070,http://timg.danawa.com/prod_img/500000/014/836/img/2836014_1.jpg"
"ASUS  Z10PA-D8 iBORA,ASUS,인텔 CPU용,인텔(소켓2011-V3),(인텔) C612,,DDR4,8개,최대 128GB 이상,,,,(M.2) 1개,O,,,,,,,,,O,,PS/2 콤보 1개,O,,,,530720,http://timg.danawa.com/prod_img/500000/488/278/img/3278488_1.jpg"
"ASUS  Z10PA-U8 STCOM,ASUS,인텔 CPU용,인텔(소켓2011-V3),(인텔) C612,일반-ATX (30.5 x 24.4cm),DDR4,8개,최대 128GB 이상,CrossFire X,PCIe3.0 x16,PCI-Express 3.0 x16,(M.2) 1개,O,,,,,,,,,O,,PS/2 콤보 1개,O,,,,479000,http://timg.danawa.com/prod_img/500000/887/257/img/3257887_1.jpg"
"ASUS PRIME B250-PLUS 코잇,ASUS,인텔 CPU용,인텔(소켓1151),(인텔) B250,일반-ATX (30.5 x 21.8cm),DDR4,4개,최대 64GB,CrossFire X,PCIe3.0 x16,PCI-Express 3.0 x16,(M.2) 2개,O,O,O,,,,,,,O,,PS/2 콤보 1개,O,,,,159550,http://timg.danawa.com/prod_img/500000/769/853/img/4853769_1.jpg"
"ASRock FATAL1TY Z170 Gaming K6 에즈윈,ASRock,인텔 CPU용,인텔(소켓1151),(인텔) Z170,일반-ATX (30.5 x 24.4cm),DDR4,4개,최대 64GB,CrossFire X + SLI,PCIe3.0 x16,PCI-Express 3.0 x16,(M.2) 1개,,O,O,O,,,,,,O,O,PS/2 콤보 1개,O,,,,230510,http://timg.danawa.com/prod_img/500000/973/417/img/3417973_1.jpg"
"ASUS STRIX B250H GAMING STCOM,ASUS,인텔 CPU용,인텔(소켓1151),(인텔) B250,ATX (30.5x23.4cm),DDR4,4개,최대 64GB,CrossFire X,PCIe3.0 x16,,(M.2) 2개,,,O,O,,,,,,O,,PS/2 콤보 1개,O,,,,181190,http://timg.danawa.com/prod_img/500000/903/121/img/5121903_1.jpg"
"ASRock  H81M-HDS 디앤디컴,ASRock,인텔 CPU용,인텔(소켓1150),(인텔) H81,Micro-ATX (24.4 x 24.4cm),DDR3,2개,최대 16GB,,PCIe x16,없음,,O,O,O,,,,,,,O,,PS/2 포트 2개,O,,,,63430,http://timg.danawa.com/prod_img/500000/596/185/img/2185596_1.jpg"
"ASUS  Z10PE-D8 WS iBORA,ASUS,인텔 CPU용,인텔(소켓2011-V3),,Extended-ATX (30.5 x 33.0cm),DDR4,8개,최대 128GB 이상,CrossFire X,PCIe3.0 x16,PCI-Express 3.0 x16,(M.2) 1개,,,,,,,,,,O,,PS/2 콤보 1개,O,,,,717270,http://timg.danawa.com/prod_img/500000/081/810/img/2810081_1.jpg"
"ASUS  E3 PRO GAMING V5 STCOM,ASUS,인텔 CPU용,인텔(소켓1151),(인텔) C232,일반-ATX (30.5 x 24.4cm),DDR4,4개,최대 64GB,CrossFire X,PCIe3.0 x16,PCI-Express 3.0 x16,(M.2) 1개,,,,,,,,,,O,O,PS/2 포트 2개,O,,,,179900,http://timg.danawa.com/prod_img/500000/394/676/img/3676394_1.jpg"
"GIGABYTE  GA-X99P-SLI 듀러블에디션 피씨디렉트,GIGABYTE,인텔 CPU용,인텔(소켓2011-V3),(인텔) X99,일반-ATX (30.5 x 24.4cm),DDR4,8개,최대 128GB 이상,CrossFire X + SLI,PCIe x16,PCI-Express x16,(M.2) 1개,,,,O,,,,,,O,O,PS/2 콤보 1개,O,,,,373110,http://timg.danawa.com/prod_img/500000/260/918/img/3918260_1.jpg"
"ASUS ROG STRIX B250F GAMING STCOM,ASUS,인텔 CPU용,인텔(소켓1151),(인텔) B250,일반-ATX (30.5 x 24.4cm),DDR4,4개,최대 64GB,CrossFire X,PCIe3.0 x16,PCI-Express 3.0 x16,(M.2) 2개,,O,O,O,,,,,,O,O,PS/2 콤보 1개,O,,,,189000,http://timg.danawa.com/prod_img/500000/305/818/img/4818305_1.jpg"
"ECS  ESSENTIALS H81H3-TI2 19V 코잇,ECS,인텔 CPU용,인텔(소켓1150),(인텔) H81,Mini-iTX (17.0 x 17.0cm),DDR3 노트북용,2개,최대 8GB,,,,,,,O,,,,,,,O,,,O,,,,133300,http://timg.danawa.com/prod_img/500000/038/894/img/3894038_1.jpg"
"ASUS  P10S-M WS iBORA,ASUS,인텔 CPU용,인텔(소켓1151),(인텔) C236,Micro-ATX (24.4 x 24.4cm),DDR4,4개,최대 64GB,,PCIe3.0 x16,,(M.2) 1개,,O,O,O,,,,,,O,,,O,,,,295920,http://timg.danawa.com/prod_img/500000/893/955/img/3955893_1.jpg"
"ASRock  H110M-DGS R2.0 에즈윈 (벌크),ASRock,인텔 CPU용,인텔(소켓1151),(인텔) H110,Micro-ATX (24.4 x 24.4cm),DDR4,2개,최대 32GB,,PCIe3.0 x16,,,,O,,,,,,,,O,,PS/2 콤보 1개,O,,,,64840,http://timg.danawa.com/prod_img/500000/655/278/img/4278655_1.jpg"
"GIGABYTE  GA-Z170M-D3H 듀러블에디션 피씨디렉트,GIGABYTE,인텔 CPU용,인텔(소켓1151),(인텔) Z170,Micro-ATX (24.4 x 24.4cm),DDR4,4개,최대 64GB,CrossFire X + SLI,PCIe3.0 x16,PCI-Express 3.0 x16,(M.2) 1개,O,O,O,,,,,,,O,,PS/2 콤보 1개,O,,,,174760,http://timg.danawa.com/prod_img/500000/940/374/img/3374940_1.jpg"
"MSI  X99A GODLIKE 게이밍,MSI,인텔 CPU용,인텔(소켓2011-V3),(인텔) X99,Extended-ATX (30.5 x 33.0cm),DDR4,8개,최대 128GB 이상,CrossFire X,PCIe3.0 x16,PCI-Express 3.0 x16,(M.2) 1개,,,,,,,,,,,O,PS/2 콤보 1개,O,,O,O,721250,http://timg.danawa.com/prod_img/500000/999/301/img/3301999_1.jpg"
"MSI  H110M ECO 웨이코스,MSI,인텔 CPU용,인텔(소켓1151),(인텔) H110,Micro-ATX (24.4 x 24.4cm),DDR4,2개,최대 32GB,,PCIe3.0 x16,,,O,O,O,,,,,,,O,,PS/2 포트 2개,O,,,,89350,http://timg.danawa.com/prod_img/500000/393/649/img/3649393_1.jpg"
"GIGABYTE  GA-Z170X-Designare 듀러블에디션 피씨디렉트,GIGABYTE,인텔 CPU용,인텔(소켓1151),(인텔) Z170,일반-ATX (30.5 x 24.4cm),DDR4,4개,최대 64GB,CrossFire X + SLI,PCIe3.0 x16,PCI-Express 3.0 x16,(M.2) 1개,,,O,O,,,,,,O,O,PS/2 콤보 1개,,,,,325940,http://timg.danawa.com/prod_img/500000/132/233/img/4233132_1.jpg"
"GIGABYTE  GA-Z170X-Gaming GT 게이밍에디션 피씨디렉트,GIGABYTE,인텔 CPU용,인텔(소켓1151),(인텔) Z170,일반-ATX (30.5 x 24.4cm),DDR4,4개,최대 64GB,CrossFire X + SLI,PCIe3.0 x16,PCI-Express 3.0 x16,(M.2) 2개,,,O,O,,,,,,O,O,PS/2 콤보 1개,O,,,,310930,http://timg.danawa.com/prod_img/500000/879/402/img/3402879_1.jpg"
