"삼성전자  750 EVO(120GB),삼성전자,내장형,2.5형(6.4cm),SATA3 (6Gb/s),120GB,TLC 기반,,16 nm,삼성,최대 520MB/s,최대 540MB/s,,O,,,,,,78030,http://timg.danawa.com/prod_img/500000/914/812/img/3812914_1.jpg"
"삼성전자  850 EVO Series(250GB),삼성전자,내장형,2.5형(6.4cm),SATA3(6Gb/s),250GB,TLC(토글),3D낸드,,삼성 MGX 컨트롤러,최대 520MB/s,최대 540MB/s,,,,,,,,125720,http://timg.danawa.com/prod_img/500000/460/921/img/2921460_1.jpg"
"마이크론 Crucial MX300 대원CTS(275GB),마이크론,내장형,2.5형(6.4cm),SATA3 (6Gb/s),275GB,TLC(기타),3D낸드,,마벨 88SS1074,최대 500MB/s,최대 530MB/s,,,,,,,,125180,http://timg.danawa.com/prod_img/500000/542/286/img/4286542_1.jpg"
"WD  Green SSD(240GB),WD,내장형,2.5형(6.4cm),SATA3 (6Gb/s),240GB,,,,,최대 465MB/s,최대 540MB/s,,,,,,,,105500,http://timg.danawa.com/prod_img/500000/708/593/img/4593708_1.jpg"
"삼성전자  960 EVO M.2 2280(250GB),삼성전자,내장형,M.2 (2280),PCIe3.0x4 (32GT/s),250GB,TLC(토글),3D낸드,,삼성 Polaris,최대 1500MB/s,최대 3200MB/s,,O,,,,,,169400,http://timg.danawa.com/prod_img/500000/575/683/img/4683575_1.jpg"
"WD  Green SSD(120GB),WD,내장형,2.5형(6.4cm),SATA3 (6Gb/s),120GB,,,,,최대 430MB/s,최대 540MB/s,,,,,,,,65290,http://timg.danawa.com/prod_img/500000/734/593/img/4593734_1.jpg"
"Sandisk  SSD PLUS(120GB),Sandisk,내장형,2.5형(6.4cm),SATA3(6Gb/s),120GB,확인 요망,,,,최대 400MB/s,최대 530MB/s,,,,,,,,66540,http://timg.danawa.com/prod_img/500000/495/206/img/3206495_1.jpg"
"삼성전자  850 PRO(256GB),삼성전자,내장형,2.5형(6.4cm),SATA3(6Gb/s),256GB,MLC(토글),3D낸드,,삼성 3-CORE MEX,최대 520MB/s,최대 550MB/s,,O,,,,,,182270,http://timg.danawa.com/prod_img/500000/802/757/img/2757802_1.jpg"
"마이크론 Crucial MX300 대원CTS(525GB),마이크론,내장형,2.5형(6.4cm),SATA3 (6Gb/s),525GB,TLC(기타),3D낸드,,마벨 88SS1074,최대 510MB/s,최대 530MB/s,,,,,,,,202670,http://timg.danawa.com/prod_img/500000/532/286/img/4286532_1.jpg"
"삼성전자  960 PRO M.2 2280(512GB),삼성전자,내장형,M.2 (2280),PCIe3.0x4 (32GT/s),512GB,MLC(토글),3D낸드,,삼성 Polaris,최대 2100MB/s,최대 3500MB/s,,O,,,,,,425920,http://timg.danawa.com/prod_img/500000/587/683/img/4683587_1.jpg"
"Sandisk  SSD PLUS(240GB),Sandisk,내장형,2.5형(6.4cm),SATA3(6Gb/s),240GB,확인 요망,,,,최대 440MB/s,최대 530MB/s,,,,,,,,106100,http://timg.danawa.com/prod_img/500000/498/206/img/3206498_1.jpg"
"타무즈  RX460(120GB),타무즈,내장형,2.5형(6.4cm),SATA3 (6Gb/s),120GB,TLC(토글),,,마벨 88NV1120,최대 400MB/s,최대 530MB/s,,,,,,,,65030,http://timg.danawa.com/prod_img/500000/607/279/img/4279607_1.jpg"
"마이크론 Crucial MX300 아스크텍(275GB),마이크론,내장형,2.5형(6.4cm),SATA3 (6Gb/s),275GB,TLC(기타),3D낸드,,마벨 88SS1074,최대 500MB/s,최대 530MB/s,,,,,,,,125070,http://timg.danawa.com/prod_img/500000/922/280/img/4280922_1.jpg"
"ADATA  Ultimate SU800(256GB),ADATA,내장형,2.5형(6.4cm),SATA3 (6Gb/s),256GB,TLC(기타),3D낸드,,실리콘모션 SM2258,최대 520MB/s,최대 560MB/s,,,,,,,,117050,http://timg.danawa.com/prod_img/500000/995/401/img/4401995_1.jpg"
"WD  Blue SSD(250GB),WD,내장형,2.5형(6.4cm),SATA3 (6Gb/s),250GB,,,,,최대 500MB/s,최대 540MB/s,,,,,,,,118570,http://timg.danawa.com/prod_img/500000/348/595/img/4595348_1.jpg"
"PALIT  UVS-SSD(120GB),PALIT,내장형,2.5형(6.4cm),SATA3 (6Gb/s),120GB,TLC(기타),2D낸드,,파이슨 S3111-S11,최대 375MB/s,최대 560MB/s,,,,,,,,66110,http://timg.danawa.com/prod_img/500000/557/747/img/4747557_1.jpg"
"WD  Black M.2 2280(256GB),WD,내장형,M.2 (2280),PCIe3.0x4 (32GT/s),256GB,,,,,최대 700MB/s,최대 2050MB/s,,,,,,,,149890,http://timg.danawa.com/prod_img/500000/343/904/img/4904343_1.jpg"
"마이크론 Crucial MX300 M.2 2280 대원CTS(275GB),마이크론,내장형,M.2 (2280),SATA3 (6Gb/s),275GB,TLC(기타),3D낸드,,마벨 88SS1074,최대 500MB/s,최대 530MB/s,,,,,,,,126260,http://timg.danawa.com/prod_img/500000/178/308/img/4308178_1.jpg"
"삼성전자  850 EVO Series(500GB),삼성전자,내장형,2.5형(6.4cm),SATA3(6Gb/s),500GB,TLC(토글),3D낸드,,삼성 MGX 컨트롤러,최대 520MB/s,최대 540MB/s,,,,,,,,226510,http://timg.danawa.com/prod_img/500000/469/921/img/2921469_1.jpg"
"Plextor  M8PeG M.2 2280(256GB),Plextor,내장형,M.2 (2280),PCIe3.0x4 (32GT/s),256GB,MLC(토글),,15 nm,마벨 88SS1093,최대 900MB/s,최대 2000MB/s,,,,,,,,222170,http://timg.danawa.com/prod_img/500000/785/298/img/4298785_1.jpg"
"WD  Blue SSD(500GB),WD,내장형,2.5형(6.4cm),SATA3 (6Gb/s),500GB,,,,,최대 525MB/s,최대 545MB/s,,,,,,,,202670,http://timg.danawa.com/prod_img/500000/334/595/img/4595334_1.jpg"
"타무즈  RX550(256GB),타무즈,내장형,2.5형(6.4cm),SATA3 (6Gb/s),256GB,TLC(기타),3D낸드,,실리콘모션 SM2258,최대 510MB/s,최대 560MB/s,,,,,,,,108380,http://timg.danawa.com/prod_img/500000/010/899/img/4899010_1.jpg"
"ESSENCORE KLEVV NEO N600(240GB),ESSENCORE,내장형,2.5형(6.4cm),SATA3 (6Gb/s),240GB,TLC(기타),2D낸드,16 nm,실리콘모션 SM2256,최대 510MB/s,최대 560MB/s,,,,,,,,105670,http://timg.danawa.com/prod_img/500000/967/006/img/5006967_1.jpg"
"삼성전자  850 PRO(512GB),삼성전자,내장형,2.5형(6.4cm),SATA3(6Gb/s),512GB,MLC(토글),3D낸드,,삼성 3-CORE MEX,최대 520MB/s,최대 550MB/s,,,,,,,,340310,http://timg.danawa.com/prod_img/500000/810/757/img/2757810_1.jpg"
"PALIT  GFS-SSD(240GB),PALIT,내장형,2.5형(6.4cm),SATA3 (6Gb/s),240GB,MLC(기타),3D낸드,,파이슨 S3111-S11,최대 480MB/s,최대 560MB/s,,,,,,,,109460,http://timg.danawa.com/prod_img/500000/833/004/img/5004833_1.jpg"
"마이크론 Crucial MX300 M.2 2280 대원CTS(525GB),마이크론,내장형,M.2 (2280),SATA3 (6Gb/s),525GB,TLC(기타),3D낸드,,마벨 88SS1074,최대 510MB/s,최대 530MB/s,,,,,,,,202950,http://timg.danawa.com/prod_img/500000/961/441/img/4441961_1.jpg"
"ESSENCORE KLEVV NEO N600(120GB),ESSENCORE,내장형,2.5형(6.4cm),SATA3 (6Gb/s),120GB,TLC(기타),2D낸드,16 nm,실리콘모션 SM2256,최대 370MB/s,최대 560MB/s,,,,,,,,66110,http://timg.danawa.com/prod_img/500000/951/006/img/5006951_1.jpg"
"타무즈  RX550(128GB),타무즈,내장형,2.5형(6.4cm),SATA3 (6Gb/s),128GB,TLC(기타),3D낸드,,실리콘모션 SM2258,최대 460MB/s,최대 560MB/s,,,,,,,,67190,http://timg.danawa.com/prod_img/500000/890/994/img/4994890_1.jpg"
"라온티앤아이  RX630(128GB),라온티앤아이,내장형,2.5형(6.4cm),SATA3 (6Gb/s),128GB,MLC(토글),,,실리콘모션 2246,170MB/s,520MB/s,,,,,,,,63260,http://timg.danawa.com/prod_img/500000/733/039/img/4039733_1.jpg"
"마이크론 Crucial MX300 대원CTS(1TB),마이크론,내장형,2.5형(6.4cm),SATA3 (6Gb/s),1TB,TLC(기타),3D낸드,,마벨 88SS1074,최대 510MB/s,최대 530MB/s,,,,,,,,380410,http://timg.danawa.com/prod_img/500000/523/286/img/4286523_1.jpg"
"ADATA  Ultimate SU700(120GB),ADATA,내장형,2.5형(6.4cm),SATA3 (6Gb/s),120GB,TLC(기타),3D낸드,,Maxiotek,최대 320MB/s,최대 560MB/s,,O,,,,,,70760,http://timg.danawa.com/prod_img/500000/997/110/img/5110997_1.jpg"
"WD  Blue SSD(1TB),WD,내장형,2.5형(6.4cm),SATA3 (6Gb/s),1TB,,,,,최대 525MB/s,최대 545MB/s,,,,,,,,396660,http://timg.danawa.com/prod_img/500000/325/595/img/4595325_1.jpg"
"ADATA  Ultimate SU800(128GB),ADATA,내장형,2.5형(6.4cm),SATA3 (6Gb/s),128GB,TLC(기타),3D낸드,,실리콘모션 SM2258,최대 300MB/s,최대 550MB/s,,,,,,,,71300,http://timg.danawa.com/prod_img/500000/948/401/img/4401948_1.jpg"
"타무즈  M720 M.2 2280(512GB),타무즈,내장형,M.2 (2280),PCIe3.0x4 (32GT/s),512GB,MLC(토글),2D낸드,15 nm,파이슨 PS5007-E7,최대 1450MB/s,최대 2750MB/s,,,,,,,,305560,http://timg.danawa.com/prod_img/500000/040/936/img/4936040_1.jpg"
"WD  Green M.2 2280(120GB),WD,내장형,M.2 (2280),SATA3 (6Gb/s),120GB,확인 요망,,,,최대 430MB/s,최대 540MB/s,,,,,,,,70450,http://timg.danawa.com/prod_img/500000/835/800/img/4800835_1.jpg"
"삼성전자  750 EVO(250GB),삼성전자,내장형,2.5형(6.4cm),SATA3 (6Gb/s),250GB,TLC 기반,,16 nm,삼성,최대 520MB/s,최대 540MB/s,,O,,,,,,128660,http://timg.danawa.com/prod_img/500000/887/812/img/3812887_1.jpg"
"WD  Black M.2 2280(512GB),WD,내장형,M.2 (2280),PCIe3.0x4 (32GT/s),512GB,,,,,최대 800MB/s,최대 2050MB/s,,,,,,,,281780,http://timg.danawa.com/prod_img/500000/994/903/img/4903994_1.jpg"
"BIOSTAR  S100 Series(240GB),BIOSTAR,내장형,2.5형(6.4cm),SATA3 (6Gb/s),240GB,TLC(기타),3D낸드,,마벨 1120,430MB/s,550MB/s,,,,,,,,104000,http://timg.danawa.com/prod_img/500000/561/832/img/4832561_1.jpg"
"WD  Blue M.2 2280(250GB),WD,내장형,M.2 (2280),SATA3 (6Gb/s),250GB,확인 요망,,,,최대 500MB/s,최대 540MB/s,,,,,,,,122470,http://timg.danawa.com/prod_img/500000/800/800/img/4800800_1.jpg"
"ADATA  XPG SX8000 M.2 2280(128GB),ADATA,내장형,M.2 (2280),PCIe3.0x4 (32GT/s),128GB,MLC(기타),3D낸드,,실리콘모션 SMI2260,최대 550MB/s,최대 1000MB/s,,,,,,,,99000,http://timg.danawa.com/prod_img/500000/510/809/img/4809510_1.jpg"
"AVEXIR  E100(120GB),AVEXIR,내장형,2.5형(6.4cm),SATA3 (6Gb/s),120GB,TLC(토글),,15 nm,도시바,최대 370MB/s,최대 550MB/s,,,,,,,,66540,http://timg.danawa.com/prod_img/500000/127/602/img/4602127_1.jpg"
"BIOSTAR  S100 Series(120GB),BIOSTAR,내장형,2.5형(6.4cm),SATA3 (6Gb/s),120GB,TLC(기타),3D낸드,,마벨 1120,300MB/s,460MB/s,,,,,,,,65030,http://timg.danawa.com/prod_img/500000/566/832/img/4832566_1.jpg"
"Plextor  M8PeGN M.2 2280(256GB),Plextor,내장형,M.2 (2280),PCIe3.0x4 (32GT/s),256GB,MLC(토글),,15 nm,마벨 88SS1093,최대 900MB/s,최대 2000MB/s,,,,,,,,173400,http://timg.danawa.com/prod_img/500000/796/346/img/4346796_1.jpg"
"Lite-On  MU3(120GB),Lite-On,내장형,2.5형(6.4cm),SATA3 (6Gb/s),120GB,TLC(토글),,,파이슨 S11,최대 460MB/s,최대 555MB/s,,,,,,,,66650,http://timg.danawa.com/prod_img/500000/076/284/img/4284076_1.jpg"
"TeamGroup  L7 EVO(240GB),TeamGroup,내장형,2.5형(6.4cm),SATA3 (6Gb/s),240GB,TLC(토글),,,마벨 88NV1120,최대 370MB/s,최대 530MB/s,,,,,,,,105130,http://timg.danawa.com/prod_img/500000/349/445/img/4445349_1.jpg"
"타무즈  RX540(128GB),타무즈,내장형,2.5형(6.4cm),,128GB,TLC(토글),3D낸드,,JMicron,350MB/s,560MB/s,,O,,,,,,64870,http://timg.danawa.com/prod_img/500000/565/882/img/4882565_1.jpg"
"Plextor  S3C(128GB),Plextor,내장형,2.5형(6.4cm),SATA3 (6Gb/s),128GB,TLC(기타),2D낸드,14 nm,실리콘모션 SM2254,최대 500MB/s,최대 550MB/s,,,,,,,,72910,http://timg.danawa.com/prod_img/500000/684/130/img/5130684_1.jpg"
"Plextor  M8PeG M.2 2280(1TB),Plextor,내장형,M.2 (2280),PCIe3.0x4 (32GT/s),1TB,MLC(토글),,15 nm,마벨 88SS1093,최대 1400MB/s,최대 2500MB/s,,,,,,,,623170,http://timg.danawa.com/prod_img/500000/825/298/img/4298825_1.jpg"
"라온티앤아이  M520 M.2 2280(128GB),라온티앤아이,내장형,M.2 (2280),SATA3 (6Gb/s),128GB,MLC(토글),,,실리콘모션 SM2246EN,최대 170MB/s,최대 550MB/s,,,,,,,,75050,http://timg.danawa.com/prod_img/500000/907/957/img/3957907_1.jpg"
"Lite-On  MU3 3D(120GB),Lite-On,내장형,2.5형(6.4cm),SATA3 (6Gb/s),120GB,TLC(기타),3D낸드,,파이슨 S11,최대 400MB/s,최대 500MB/s,,,,,,,,65030,http://timg.danawa.com/prod_img/500000/145/987/img/4987145_1.jpg"
"갤럭시  GALAX GAMER V100T(120GB),갤럭시,내장형,2.5형(6.4cm),SATA3 (6Gb/s),120GB,TLC(토글),3D낸드,,파이슨 S3111-S11,최대 500MB/s,최대 520MB/s,,,,,,,,66650,http://timg.danawa.com/prod_img/500000/687/884/img/4884687_1.jpg"
"타무즈  M720 M.2 2280(128GB),타무즈,내장형,M.2 (2280),PCIe3.0x4 (32GT/s),128GB,MLC(토글),2D낸드,15 nm,파이슨 PS5007-E7,최대 1200MB/s,최대 2300MB/s,,,,,,,,107220,http://timg.danawa.com/prod_img/500000/999/935/img/4935999_1.jpg"
"TOPDISK  SKT20(120GB),TOPDISK,내장형,2.5형(6.4cm),SATA3 (6Gb/s),120GB,TLC(토글),,15 nm,실리콘모션 SM2256K,최대 400MB/s,최대 560MB/s,,,,,,,,63790,http://timg.danawa.com/prod_img/500000/677/242/img/4242677_1.jpg"
"WD  Green M.2 2280(240GB),WD,내장형,M.2 (2280),SATA3 (6Gb/s),250GB,확인 요망,,,,최대 465MB/s,최대 540MB/s,,,,,,,,109460,http://timg.danawa.com/prod_img/500000/828/800/img/4800828_1.jpg"
"라온티앤아이  RX630(256GB),라온티앤아이,내장형,2.5형(6.4cm),SATA3 (6Gb/s),256GB,MLC(토글),,,실리콘모션 2246,280MB/s,530MB/s,,,,,,,,106140,http://timg.danawa.com/prod_img/500000/621/063/img/4063621_1.jpg"
"Plextor  M7V M.2 2280(256GB),Plextor,내장형,M.2 (2280),SATA3 (6Gb/s),256GB,TLC(토글),,,마벨 88SS1074B1,최대 530MB/s,최대 560MB/s,,,,,,,,121380,http://timg.danawa.com/prod_img/500000/209/966/img/3966209_1.jpg"
"TeamGroup  L5 Lite(120GB),TeamGroup,내장형,2.5형(6.4cm),SATA3 (6Gb/s),120GB,TLC(기타),3D낸드,,,최대 300MB/s,최대 500MB/s,,,,,,,,65400,http://timg.danawa.com/prod_img/500000/320/087/img/5087320_1.jpg"
"마이크론 Crucial MX300 M.2 2280 대원CTS(1TB),마이크론,내장형,M.2 (2280),SATA3 (6Gb/s),1TB,TLC(기타),3D낸드,,마벨 88SS1074,최대 510MB/s,최대 530MB/s,,,,,,,,382800,http://timg.danawa.com/prod_img/500000/971/441/img/4441971_1.jpg"
"Plextor  M8PeY PCIe(1TB),Plextor,내장형,PCIe 카드,PCIe3.0x4 (32GT/s),1TB,MLC(토글),,15 nm,마벨 88SS1093,최대 1400MB/s,최대 2500MB/s,,,,,,,,845350,http://timg.danawa.com/prod_img/500000/014/299/img/4299014_1.jpg"
"Plextor  M8PeG M.2 2280(512GB),Plextor,내장형,M.2 (2280),PCIe3.0x4 (32GT/s),512GB,MLC(토글),,15 nm,마벨 88SS1093,최대 1300MB/s,최대 2300MB/s,,,,,,,,357650,http://timg.danawa.com/prod_img/500000/807/298/img/4298807_1.jpg"
"ADATA  XPG SX8000 M.2 2280(256GB),ADATA,내장형,M.2 (2280),PCIe3.0x4 (32GT/s),256GB,MLC(기타),3D낸드,,실리콘모션 SMI2260,최대 1100MB/s,최대 2000MB/s,,,,,,,,184000,http://timg.danawa.com/prod_img/500000/498/809/img/4809498_1.jpg"
"라온티앤아이  MX370 mSATA(128GB),라온티앤아이,내장형,Mini SATA(mSATA),,128GB,MLC(토글),,,실리콘모션 SM2246EN,170MB/s,550MB/s,,,,,,,,75050,http://timg.danawa.com/prod_img/500000/974/957/img/3957974_1.jpg"
"타무즈  M720 M.2 2280(256GB),타무즈,내장형,M.2 (2280),PCIe3.0x4 (32GT/s),256GB,MLC(토글),2D낸드,15 nm,파이슨 PS5007-E7,최대 1450MB/s,최대 2750MB/s,,,,,,,,169400,http://timg.danawa.com/prod_img/500000/018/936/img/4936018_1.jpg"
"ADATA  XPG SX8000 M.2 2280(512GB),ADATA,내장형,M.2 (2280),PCIe3.0x4 (32GT/s),512GB,MLC(기타),3D낸드,,실리콘모션 SMI2260,최대 1100MB/s,최대 2500MB/s,,,,,,,,289480,http://timg.danawa.com/prod_img/500000/479/809/img/4809479_1.jpg"
"Plextor  M8PeGN M.2 2280(512GB),Plextor,내장형,M.2 (2280),PCIe3.0x4 (32GT/s),512GB,MLC(토글),,15 nm,마벨 88SS1093,최대 1300MB/s,최대 2300MB/s,,,,,,,,303460,http://timg.danawa.com/prod_img/500000/809/346/img/4346809_1.jpg"
"ZOTAC  SATA3 2.5 SSD to USB 3.0 어댑터,ZOTAC,SSD 주변기기,,2.5형(6.4cm),,,,,,,,,,,,,,,13870,http://timg.danawa.com/prod_img/500000/001/780/img/3780001_1.jpg"
"타무즈  M530 M.2 2280(120GB),타무즈,내장형,M.2 (2280),SATA3 (6Gb/s),120GB,TLC(기타),2D낸드,,마벨 88NV1120,최대 405MB/s,최대 535MB/s,,,,,,,,65940,http://timg.danawa.com/prod_img/500000/796/962/img/4962796_1.jpg"
"WD  Blue M.2 2280(500GB),WD,내장형,M.2 (2280),SATA3 (6Gb/s),500GB,확인 요망,,,,최대 525MB/s,최대 545MB/s,,,,,,,,215670,http://timg.danawa.com/prod_img/500000/767/800/img/4800767_1.jpg"
"ADATA  XPG SX950(480GB),ADATA,내장형,2.5형(6.4cm),SATA3 (6Gb/s),480GB,MLC(기타),3D낸드,,,최대 530MB/s,최대 560MB/s,,,,,,,,300200,http://timg.danawa.com/prod_img/500000/211/109/img/5109211_1.jpg"
"갤럭시  GALAX GAMER V100T(240GB),갤럭시,내장형,2.5형(6.4cm),SATA3 (6Gb/s),240GB,TLC(토글),3D낸드,,파이슨 S3111-S11,최대 500MB/s,최대 520MB/s,,,,,,,,109460,http://timg.danawa.com/prod_img/500000/680/884/img/4884680_1.jpg"
"WD  Blue M.2 2280(1TB),WD,내장형,M.2 (2280),SATA3 (6Gb/s),1TB,확인 요망,,,,최대 525MB/s,최대 545MB/s,,,,,,,,420510,http://timg.danawa.com/prod_img/500000/706/800/img/4800706_1.jpg"
"타무즈  RX470(120GB),타무즈,내장형,2.5형(6.4cm),SATA3 (6Gb/s),120GB,TLC(토글),2D낸드,19 nm,실리콘모션 SM2256,400MB/s,510MB/s,,,,,,,,66650,http://timg.danawa.com/prod_img/500000/995/755/img/4755995_1.jpg"
"TeamGroup  L7 EVO(120GB),TeamGroup,내장형,2.5형(6.4cm),SATA3 (6Gb/s),120GB,TLC(토글),,,마벨 88NV1120,최대 360MB/s,최대 530MB/s,,,,,,,,64330,http://timg.danawa.com/prod_img/500000/326/445/img/4445326_1.jpg"
"라온티앤아이  RX630(32GB),라온티앤아이,내장형,2.5형(6.4cm),SATA3 (6Gb/s),32GB,MLC(토글),,,실리콘모션 2246,50MB/s,230MB/s,,,,,,,,36310,http://timg.danawa.com/prod_img/500000/633/063/img/4063633_1.jpg"
"타무즈  RX460(240GB),타무즈,내장형,2.5형(6.4cm),SATA3 (6Gb/s),240GB,TLC(토글),,,마벨 88NV1120,최대 400MB/s,최대 530MB/s,,,,,,,,107290,http://timg.danawa.com/prod_img/500000/620/279/img/4279620_1.jpg"
"Plextor  M6e PCIe Black Edition(256GB),Plextor,내장형,PCIe 카드,PCIe2.0x2 (10GT/s),256GB,MLC(토글),,19 nm,마벨 88SS9183,최대 580MB/s,최대 770MB/s,,O,,,,,,205000,http://timg.danawa.com/prod_img/500000/251/000/img/3000251_1.jpg"
"PALIT  UVS-SSD(240GB),PALIT,내장형,2.5형(6.4cm),SATA3 (6Gb/s),240GB,TLC(기타),3D낸드,,파이슨 S3111-S11,최대 450MB/s,최대 550MB/s,,,,,,,,104000,http://timg.danawa.com/prod_img/500000/031/117/img/5117031_1.jpg"
"Plextor  M8PeGN M.2 2280(1TB),Plextor,내장형,M.2 (2280),PCIe3.0x4 (32GT/s),1TB,MLC(토글),,15 nm,마벨 88SS1093,최대 1400MB/s,최대 2500MB/s,,,,,,,,574400,http://timg.danawa.com/prod_img/500000/827/346/img/4346827_1.jpg"
"삼성전자  850 EVO Series(120GB),삼성전자,내장형,2.5형(6.4cm),SATA3(6Gb/s),120GB,TLC(토글),3D낸드,,삼성 MGX 컨트롤러,최대 520MB/s,최대 540MB/s,,,,,,,,80730,http://timg.danawa.com/prod_img/500000/444/921/img/2921444_1.jpg"
"Plextor  S2G M.2 2280(128GB),Plextor,내장형,M.2 (2280),SATA3 (6Gb/s),128GB,TLC(토글),,16 nm,실리콘모션 SM2258,최대 460MB/s,최대 520MB/s,,,,,,,,72910,http://timg.danawa.com/prod_img/500000/843/576/img/4576843_1.jpg"
"Plextor  M8PeY PCIe(256GB),Plextor,내장형,PCIe 카드,PCIe3.0x4 (32GT/s),256GB,MLC(토글),,15 nm,마벨 88SS1093,최대 900MB/s,최대 2000MB/s,,,,,,,,292620,http://timg.danawa.com/prod_img/500000/996/298/img/4298996_1.jpg"
"ADATA  Ultimate SU700(240GB),ADATA,내장형,2.5형(6.4cm),SATA3 (6Gb/s),240GB,TLC(기타),3D낸드,,Maxiotek,최대 520MB/s,최대 560MB/s,,O,,,,,,125440,http://timg.danawa.com/prod_img/500000/069/111/img/5111069_1.jpg"
"Plextor  M7V(128GB),Plextor,내장형,2.5형(6.4cm),SATA3 (6Gb/s),128GB,TLC(토글),,,마벨 88SS1074B1,최대 500MB/s,최대 560MB/s,,,,,,,,75050,http://timg.danawa.com/prod_img/500000/370/964/img/3964370_1.jpg"
"ADATA  XPG SX950(240GB),ADATA,내장형,2.5형(6.4cm),SATA3 (6Gb/s),240GB,MLC(기타),3D낸드,,,최대 520MB/s,최대 560MB/s,,,,,,,,160820,http://timg.danawa.com/prod_img/500000/205/109/img/5109205_1.jpg"
"Plextor  S2G M.2 2280(256GB),Plextor,내장형,M.2 (2280),SATA3 (6Gb/s),256GB,TLC(토글),,16 nm,실리콘모션 SM2258,최대 480MB/s,최대 520MB/s,,,,,,,,119010,http://timg.danawa.com/prod_img/500000/839/576/img/4576839_1.jpg"
"타무즈  M550 M.2 2280(512GB),타무즈,내장형,M.2 (2280),SATA3 (6Gb/s),512GB,TLC(기타),3D낸드,,실리콘모션 SM2258,최대 520MB/s,최대 570MB/s,,,,,,,,206930,http://timg.danawa.com/prod_img/500000/426/205/img/5205426_1.jpg"
"타무즈  외장 SSD 전용 파우치,타무즈,SSD 주변기기,,,,,,,,,,,,,,,,,2710,http://timg.danawa.com/prod_img/500000/195/553/img/4553195_1.jpg"
"ZOTAC  SONIX PCIe(480GB),ZOTAC,내장형,PCIe 카드,PCIe3.0x4 (32GT/s),480GB,MLC(토글),,,,최대 1300 MB/s,최대 2600 MB/s,,,,,,,,444350,http://timg.danawa.com/prod_img/500000/587/934/img/3934587_1.jpg"
"라온티앤아이  MX370 mSATA(256GB),라온티앤아이,내장형,Mini SATA(mSATA),,256GB,MLC(토글),,,실리콘모션 SM2246EN,320MB/s,560MB/s,,,,,,,,124910,http://timg.danawa.com/prod_img/500000/968/957/img/3957968_1.jpg"
"갤럭시  GALAX GAMER L SSD V3(240GB),갤럭시,내장형,2.5형(6.4cm),SATA3 (6Gb/s),240GB,MLC(토글),2D낸드,,파이슨 S3110-S10,최대 220MB/s,최대 550MB/s,,,,,,,,109460,http://timg.danawa.com/prod_img/500000/348/815/img/4815348_1.jpg"
"타무즈  M550 M.2 2280(128GB),타무즈,내장형,M.2 (2280),SATA3 (6Gb/s),128GB,TLC(기타),3D낸드,,실리콘모션 SM2258,최대 460MB/s,최대 570MB/s,,,,,,,,72910,http://timg.danawa.com/prod_img/500000/402/205/img/5205402_1.jpg"
"TOPDISK  SKT20(240GB),TOPDISK,내장형,2.5형(6.4cm),SATA3 (6Gb/s),240GB,TLC(토글),,15 nm,실리콘모션 SM2256K,최대 510MB/s,최대 560MB/s,,,,,,,,106210,http://timg.danawa.com/prod_img/500000/201/397/img/4397201_1.jpg"
"타무즈  M550 M.2 2280(256GB),타무즈,내장형,M.2 (2280),SATA3 (6Gb/s),256GB,TLC(기타),3D낸드,,실리콘모션 SM2258,최대 520MB/s,최대 570MB/s,,,,,,,,119010,http://timg.danawa.com/prod_img/500000/418/205/img/5205418_1.jpg"
"Plextor  S3C(256GB),Plextor,내장형,2.5형(6.4cm),SATA3 (6Gb/s),256GB,TLC(기타),2D낸드,14 nm,실리콘모션 SM2254,최대 510MB/s,최대 550MB/s,,,,,,,,129730,http://timg.danawa.com/prod_img/500000/713/130/img/5130713_1.jpg"
"Plextor  S2G M.2 2280(512GB),Plextor,내장형,M.2 (2280),SATA3 (6Gb/s),512GB,TLC(토글),,16 nm,실리콘모션 SM2258,최대 480MB/s,최대 520MB/s,,,,,,,,215500,http://timg.danawa.com/prod_img/500000/288/522/img/4522288_1.jpg"
"TeamGroup  L3 EVO(120GB),TeamGroup,내장형,2.5형(6.4cm),SATA3 (6Gb/s),120GB,TLC(토글),,,파이슨,최대 400MB/s,최대 500MB/s,,,,,,,,69360,http://timg.danawa.com/prod_img/500000/037/986/img/3986037_1.jpg"
"TeamGroup  L5 Lite(480GB),TeamGroup,내장형,2.5형(6.4cm),SATA3 (6Gb/s),480GB,TLC(기타),3D낸드,,,최대 420MB/s,최대 530MB/s,,,,,,,,194060,http://timg.danawa.com/prod_img/500000/351/087/img/5087351_1.jpg"
"SilverStone  듀얼 SSD 가이드 (SDP08-LITE),SilverStone,SSD 주변기기,철재(SECC),,,,,,,,,,,,,O,,,5150,http://timg.danawa.com/prod_img/500000/216/299/img/2299216_1.jpg"
"TeamGroup  L5 Lite(240GB),TeamGroup,내장형,2.5형(6.4cm),SATA3 (6Gb/s),240GB,TLC(기타),3D낸드,,,최대 400MB/s,최대 530MB/s,,,,,,,,110430,http://timg.danawa.com/prod_img/500000/345/087/img/5087345_1.jpg"
"TeamGroup  L3 EVO(240GB),TeamGroup,내장형,2.5형(6.4cm),SATA3 (6Gb/s),240GB,TLC(토글),,,파이슨,최대 470MB/s,최대 530MB/s,,,,,,,,115960,http://timg.danawa.com/prod_img/500000/029/986/img/3986029_1.jpg"
"Plextor  M7V M.2 2280(128GB),Plextor,내장형,M.2 (2280),SATA3 (6Gb/s),128GB,TLC(토글),,,마벨 88SS1074B1,최대 500MB/s,최대 560MB/s,,,,,,,,76120,http://timg.danawa.com/prod_img/500000/210/966/img/3966210_1.jpg"
"Plextor  M6e M.2 2280(128GB),Plextor,내장형,M.2 (2280),PCIe2.0x2 (10GT/s),128GB,MLC(토글),,,마벨 88SS9183,최대 335MB/s,최대 770MB/s,,O,,,,,,113800,http://timg.danawa.com/prod_img/500000/370/820/img/2820370_1.jpg"
"Plextor  M6e PCIe Black Edition(512GB),Plextor,내장형,PCIe 카드,PCIe2.0x2 (10GT/s),512GB,MLC(토글),,19 nm,마벨 88SS9183,최대 625MB/s,최대 770MB/s,,O,,,,,,368480,http://timg.danawa.com/prod_img/500000/259/000/img/3000259_1.jpg"
"삼성전자  960 PRO M.2 2280(2TB),삼성전자,내장형,M.2 (2280),PCIe3.0x4 (32GT/s),2TB,MLC(토글),3D낸드,,삼성 Polaris,최대 2100MB/s,최대 3500MB/s,,O,,,,,,1679850,http://timg.danawa.com/prod_img/500000/302/718/img/4718302_1.jpg"
"Plextor  M6e M.2 2280(512GB),Plextor,내장형,M.2 (2280),PCIe2.0x2 (10GT/s),512GB,MLC(토글),,,마벨 88SS9183,최대 625MB/s,최대 770MB/s,,O,,,,,,368480,http://timg.danawa.com/prod_img/500000/365/820/img/2820365_1.jpg"
"ESSENCORE KLEVV NEO N600 M.2 2280(240GB),ESSENCORE,내장형,M.2 (2280),SATA3 (6Gb/s),120GB,TLC(기타),2D낸드,,실리콘모션 SM2256K,최대 510MB/s,최대 560MB/s,,,,,,,,116600,http://timg.danawa.com/prod_img/500000/507/205/img/5205507_1.jpg"
"ESSENCORE KLEVV NEO N600 M.2 2280(120GB),ESSENCORE,내장형,M.2 (2280),SATA3 (6Gb/s),120GB,TLC(기타),2D낸드,,실리콘모션 SM2256K,최대 370MB/s,최대 560MB/s,,,,,,,,70400,http://timg.danawa.com/prod_img/500000/493/205/img/5205493_1.jpg"
"Sandisk  Z410(120GB),Sandisk,내장형,2.5형(6.4cm),SATA3(6Gb/s),120GB,TLC(토글),,,,최대 410MB/s,최대 535MB/s,,,,,,,,67740,http://timg.danawa.com/prod_img/500000/061/044/img/4044061_1.jpg"
"삼성전자  960 EVO M.2 2280(500GB),삼성전자,내장형,M.2 (2280),PCIe3.0x4 (32GT/s),500GB,TLC(토글),3D낸드,,삼성 Polaris,최대 1800MB/s,최대 3200MB/s,,O,,,,,,335750,http://timg.danawa.com/prod_img/500000/342/718/img/4718342_1.jpg"
"인텔  Optane Memory M.2 2280(16GB),인텔,내장형,M.2 (2280),PCIe3.0x2 (16GT/s),16GB,,,,,최대 280MB/s,최대 1200MB/s,,,,,,,,75050,http://timg.danawa.com/prod_img/500000/555/115/img/5115555_1.jpg"
"삼성전자  850 EVO M.2 2280(250GB),삼성전자,내장형,M.2 (2280),SATA3 (6Gb/s),250GB,,3D낸드,,삼성 MGX Controller,최대 500MB/s,최대 540MB/s,,,,,,,,124530,http://timg.danawa.com/prod_img/500000/806/102/img/3102806_1.jpg"
"파이슨  S11MS mSATA 벌크(256GB),파이슨,내장형,,Mini SATA(mSATA),,TLC(기타),2D낸드,,파이슨,,,,,,,,,,125440,http://timg.danawa.com/prod_img/500000/395/077/img/5077395_1.jpg"
"삼성전자  850 EVO Series(1TB),삼성전자,내장형,2.5형(6.4cm),SATA3(6Gb/s),1TB,TLC(토글),3D낸드,,삼성 MEX 컨트롤러,최대 520MB/s,최대 540MB/s,,,,,,,,434050,http://timg.danawa.com/prod_img/500000/474/921/img/2921474_1.jpg"
"바른전자  OJ500i(128GB),바른전자,내장형,2.5형(6.4cm),SATA3(6Gb/s),128GB,MLC(기타),,,실리콘모션 SM2246,최대 145.10MB/s,최대 534.19MB/s,,,,,,,,63940,http://timg.danawa.com/prod_img/500000/637/998/img/3998637_1.jpg"
"ADATA  Premier SP580(120GB),ADATA,내장형,2.5형(6.4cm),SATA3 (6Gb/s),120GB,TLC(토글),,,마벨 88NV1120,최대 410MB/s,최대 560MB/s,,,,,,,,68170,http://timg.danawa.com/prod_img/500000/160/280/img/4280160_1.jpg"
"삼성전자  SM961 M.2 2280 병행수입(256GB),삼성전자,내장형,,M.2 (2280),NVMe 1.2,MLC(토글),3D낸드,,삼성 Polaris (AMD),최대 1800MB/s,최대 3200MB/s,,,,,,,,174430,http://timg.danawa.com/prod_img/500000/976/664/img/4664976_1.jpg"
"삼성전자  850 PRO(1TB),삼성전자,내장형,2.5형(6.4cm),SATA3(6Gb/s),1TB(1024GB),MLC(토글),3D낸드,,삼성 3-CORE MEX,최대 520MB/s,최대 550MB/s,,,,,,,,664200,http://timg.danawa.com/prod_img/500000/837/757/img/2757837_1.jpg"
"기가스톤  Prime SS-8400(128GB),기가스톤,내장형,2.5형(6.4cm),SATA3 (6Gb/s),128GB,TLC(기타),3D낸드,,실리콘모션 SMI2258,최대 432MB/s,최대 523MB/s,,,,,,,,66110,http://timg.danawa.com/prod_img/500000/768/831/img/4831768_1.jpg"
"삼성전자  960 PRO M.2 2280(1TB),삼성전자,내장형,M.2 (2280),PCIe3.0x4 (32GT/s),1TB,MLC(토글),3D낸드,,삼성 Polaris,최대 2100MB/s,최대 3500MB/s,,O,,,,,,812830,http://timg.danawa.com/prod_img/500000/299/718/img/4718299_1.jpg"
"삼성전자  850 EVO M.2 2280(120GB),삼성전자,내장형,M.2 (2280),SATA3 (6Gb/s),120GB,,3D낸드,,삼성 MGX Controller,최대 500MB/s,최대 540MB/s,,,,,,,,75860,http://timg.danawa.com/prod_img/500000/799/102/img/3102799_1.jpg"
"삼성전자  850 EVO Series(4TB),삼성전자,내장형,2.5형(6.4cm),SATA3(6Gb/s),4TB,TLC(토글),3D낸드,,삼성 MHX 컨트롤러,최대 520MB/s,최대 540MB/s,,,,,,,,1896610,http://timg.danawa.com/prod_img/500000/191/722/img/4722191_1.jpg"
"실리콘파워  Slim S56(120GB),실리콘파워,내장형,2.5형(6.4cm),SATA3 (6Gb/s),120GB,TLC(기타),2D낸드,,파이슨,최대 530MB/s,최대 560MB/s,,,,,,,,64480,http://timg.danawa.com/prod_img/500000/775/826/img/4826775_1.jpg"
"ADATA  Ultimate SU900(256GB),ADATA,내장형,2.5형(6.4cm),SATA3 (6Gb/s),256GB,MLC(기타),3D낸드,,실리콘모션 SMI 2258,최대 520MB/s,최대 560MB/s,,,,,,,,139270,http://timg.danawa.com/prod_img/500000/132/867/img/4867132_1.jpg"
"Sandisk  SSD PLUS(480GB),Sandisk,내장형,2.5형(6.4cm),SATA3(6Gb/s),480GB,확인 요망,,,,최대 445MB/s,최대 535MB/s,,,,,,,,179050,http://timg.danawa.com/prod_img/500000/411/767/img/3767411_1.jpg"
"Sandisk  Z400s(256GB),Sandisk,내장형,2.5형(6.4cm),SATA3(6Gb/s),256GB,MLC(낸드),,,,최대 330MB/s,최대 549MB/s,,,,,,,,123440,http://timg.danawa.com/prod_img/500000/970/316/img/3316970_1.jpg"
"삼성전자  960 EVO M.2 2280(1TB),삼성전자,내장형,M.2 (2280),PCIe3.0x4 (32GT/s),1TB,TLC(토글),3D낸드,,삼성 Polaris,최대 1900MB/s,최대 3200MB/s,,O,,,,,,639430,http://timg.danawa.com/prod_img/500000/347/718/img/4718347_1.jpg"
"마이크론 Crucial MX300 아스크텍(525GB),마이크론,내장형,2.5형(6.4cm),SATA3 (6Gb/s),525GB,TLC(기타),3D낸드,,마벨 88SS1074,최대 510MB/s,최대 530MB/s,,,,,,,,202120,http://timg.danawa.com/prod_img/500000/967/280/img/4280967_1.jpg"
"킹스톤  SSDNow UV400(240GB),킹스톤,내장형,2.5형(6.4cm),SATA3 (6Gb/s),240GB,TLC(토글),,,마벨 88SS1074,490MB/s,550MB/s,,,,,,,,110550,http://timg.danawa.com/prod_img/500000/742/128/img/4128742_1.jpg"
"삼성전자  PM961 M.2 2280 병행수입(256GB),삼성전자,내장형,,M.2 (2280),NVMe 1.2,TLC(토글),,,삼성 Polaris (AMD),,,,,,,,,,133300,http://timg.danawa.com/prod_img/500000/409/542/img/4542409_1.jpg"
"삼성전자  850 EVO mSATA(250GB),삼성전자,내장형,Mini SATA(mSATA),SATA3(6Gb/s),250GB,TLC(토글),3D낸드,,삼성전자 MGX Controller,최대 520MB/s,최대 540MB/s,,,,,,,,125440,http://timg.danawa.com/prod_img/500000/736/102/img/3102736_1.jpg"
"e-STAR  ST980 M.2 2280(512GB),e-STAR,내장형,M.2 (2280),PCIe3.0x4 (32GT/s),512GB,MLC(기타),,,파이슨,최대 2200MB/s,최대 3000MB/s,,O,,,,,,301830,http://timg.danawa.com/prod_img/500000/671/544/img/4544671_1.jpg"
"Sandisk  Z410(480GB),Sandisk,내장형,2.5형(6.4cm),SATA3(6Gb/s),480GB,TLC(토글),,,,최대 410MB/s,최대 535MB/s,,,,,,,,179910,http://timg.danawa.com/prod_img/500000/473/067/img/4067473_1.jpg"
"Sandisk  Z410(240GB),Sandisk,내장형,2.5형(6.4cm),SATA3(6Gb/s),240GB,TLC(토글),,,,최대 410MB/s,최대 535MB/s,,,,,,,,110550,http://timg.danawa.com/prod_img/500000/871/062/img/4062871_1.jpg"
"삼성전자  850 EVO M.2 2280(500GB),삼성전자,내장형,M.2 (2280),SATA3 (6Gb/s),500GB,,3D낸드,,삼성 MGX Controller,최대 500MB/s,최대 540MB/s,,,,,,,,227590,http://timg.danawa.com/prod_img/500000/811/102/img/3102811_1.jpg"
"인텔  Optane Memory M.2 2280(32GB),인텔,내장형,M.2 (2280),PCIe3.0x2 (16GT/s),32GB,,,,,최대 280MB/s,최대 1200MB/s,,,,,,,,136160,http://timg.danawa.com/prod_img/500000/575/115/img/5115575_1.jpg"
"삼성전자  PM961 M.2 2280 병행수입(512GB),삼성전자,내장형,,M.2 (2280),NVMe 1.2,TLC(토글),,,삼성 Polaris (AMD),,,,,,,,,,247100,http://timg.danawa.com/prod_img/500000/883/606/img/4606883_1.jpg"
"ADATA  Premier Pro SP900(128GB),ADATA,내장형,2.5형(6.4cm),SATA3(6Gb/s),128GB,MLC(기타),,,샌드포스,535MB/s,545MB/s,,,,,O,,,85080,http://timg.danawa.com/prod_img/500000/797/684/img/1684797_1.jpg"
"마이크론 Crucial MX300 아스크텍(1TB),마이크론,내장형,2.5형(6.4cm),SATA3 (6Gb/s),1TB,TLC(기타),3D낸드,,마벨 88SS1074,최대 510MB/s,최대 530MB/s,,,,,,,,380410,http://timg.danawa.com/prod_img/500000/998/280/img/4280998_1.jpg"
"Sandisk  Z400s(128GB),Sandisk,내장형,2.5형(6.4cm),SATA3(6Gb/s),128GB,MLC(낸드),,,,최대 330MB/s,최대 549MB/s,,,,,,,,92210,http://timg.danawa.com/prod_img/500000/192/215/img/3215192_1.jpg"
"마이크론 Crucial MX300 아스크텍(2TB),마이크론,내장형,2.5형(6.4cm),SATA3 (6Gb/s),2TB,TLC(기타),3D낸드,,마벨 88SS1074,최대 510MB/s,최대 530MB/s,,,,,,,,757560,http://timg.danawa.com/prod_img/500000/998/409/img/4409998_1.jpg"
"ADATA  Ultimate SU800(512GB),ADATA,내장형,2.5형(6.4cm),SATA3 (6Gb/s),512GB,TLC(기타),3D낸드,,실리콘모션 SM2258,최대 520MB/s,최대 560MB/s,,,,,,,,243850,http://timg.danawa.com/prod_img/500000/951/401/img/4401951_1.jpg"
"ADATA  Premier Pro New SP920(128GB),ADATA,내장형,2.5형(6.4cm),SATA3(6Gb/s),128GB,MLC(동기식),,,마벨 88SS9188,최대 180MB/s,최대 560MB/s,,,,,O,,,82150,http://timg.danawa.com/prod_img/500000/915/661/img/3661915_1.jpg"
"명인일렉트로닉스 엠트루 Half Slim SSD MH915(32GB),명인일렉트로닉스,산업용,Half Slim,SATA3(6Gb/s),32GB,MLC(동기식),,,파이슨 PS3109-S9,430MB/s,530MB/s,,,,,,,,38910,http://timg.danawa.com/prod_img/500000/339/710/img/3710339_1.jpg"
"킹스톤  SSDNow A400(240GB),킹스톤,내장형,2.5형(6.4cm),SATA3 (6Gb/s),240GB,TLC(기타),2D낸드,,킹스톤,최대 350MB/s,최대 500MB/s,,,,,,,,104580,http://timg.danawa.com/prod_img/500000/906/017/img/5017906_1.jpg"
"디오테라  VIVA 300S PRO(128GB),디오테라,내장형,2.5형(6.4cm),SATA3 (6Gb/s),128GB,MLC(기타),2D낸드,,실리콘모션 SM2246,최대 200MB/s,최대 500MB/s,,,,,,,,63690,http://timg.danawa.com/prod_img/500000/724/917/img/4917724_1.jpg"
"마이크론 Crucial MX300 M.2 2280 아스크텍(275GB),마이크론,내장형,M.2 (2280),SATA3 (6Gb/s),275GB,TLC(기타),3D낸드,,마벨 88SS1074,최대 500MB/s,최대 530MB/s,,,,,,,,125720,http://timg.danawa.com/prod_img/500000/771/384/img/4384771_1.jpg"
"디오테라  VIVA 300S(120GB),디오테라,내장형,2.5형(6.4cm),SATA3 (6Gb/s),120GB,TLC(기타),2D낸드,,실리콘모션 SMI SM2258H,최대 474B/s,최대 562MB/s,,,,,,,,62610,http://timg.danawa.com/prod_img/500000/769/204/img/5204769_1.jpg"
"ADATA  Premier Pro SP600(128GB),ADATA,내장형,2.5형(6.4cm),SATA3(6Gb/s),128GB,MLC(기타),,,JMicron JMF667H,최대쓰기 150MB/s,최대읽기 530MB/s,,,,,,,,73440,http://timg.danawa.com/prod_img/500000/345/861/img/1861345_1.jpg"
"트랜센드  M.2 SSD 외장 케이스 (TS-CM80),트랜센드,SSD 주변기기,,M.2 (2242~80),,,,,,,,O,,,,,,,33060,http://timg.danawa.com/prod_img/500000/365/837/img/4837365_1.jpg"
"킹스톤  SSDNow UV400(120GB),킹스톤,내장형,2.5형(6.4cm),SATA3 (6Gb/s),120GB,TLC(토글),,,마벨 88SS1074,350MB/s,550MB/s,,,,,,,,67550,http://timg.danawa.com/prod_img/500000/723/128/img/4128723_1.jpg"
"삼성전자  850 EVO Series(2TB),삼성전자,내장형,2.5형(6.4cm),SATA3(6Gb/s),2TB,TLC(토글),3D낸드,,삼성 MHX 컨트롤러,최대 520MB/s,최대 540MB/s,,,,,,,,921210,http://timg.danawa.com/prod_img/500000/827/333/img/3333827_1.jpg"
"디오테라  VIVA 300S M.2 2280(256GB),디오테라,내장형,M.2 (2280),SATA3 (6Gb/s),256GB,MLC(기타),2D낸드,,실리콘모션 SM2246,최대 380MB/s,최대 540MB/s,,,,,,,,117290,http://timg.danawa.com/prod_img/500000/681/011/img/5011681_1.jpg"
"인텔  750 Series(1.2TB),인텔,내장형,PCIe 카드,PCIe3.0x4 (32GT/s),1.2TB,MLC(기타),,20 nm,인텔,최대 1200MB/s,최대 2400MB/s,,,,,,,,1115040,http://timg.danawa.com/prod_img/500000/168/181/img/3181168_1.jpg"
"ADATA  Premier Pro SP600(256GB),ADATA,내장형,2.5형(6.4cm),SATA3(6Gb/s),256GB,MLC(기타),,,JMicron JMF667H,최대 290MB/s,최대 540MB/s,,,,,,,,113110,http://timg.danawa.com/prod_img/500000/602/554/img/2554602_1.jpg"
"ADATA  Ultimate SU900(512GB),ADATA,내장형,2.5형(6.4cm),SATA3 (6Gb/s),512GB,MLC(기타),3D낸드,,실리콘모션 SMI 2258,최대 525MB/s,최대 560MB/s,,,,,,,,300210,http://timg.danawa.com/prod_img/500000/141/867/img/4867141_1.jpg"
"PHINOCOM  P700S PRO(256GB),PHINOCOM,내장형,2.5형(6.4cm),SATA3 (6Gb/s),256GB,MLC(기타),3D낸드,,,최대 540MB/s,최대 560MB/s,,,,,,,,110860,http://timg.danawa.com/prod_img/500000/726/057/img/5057726_1.jpg"
"실리콘파워  Slim S55(120GB),실리콘파워,내장형,2.5형(6.4cm),SATA3 (6Gb/s),120GB,TLC(기타),3D낸드,,,최대 370MB/s,최대 420MB/s,,,,,,,,63790,http://timg.danawa.com/prod_img/500000/873/126/img/5126873_1.jpg"
"e-STAR  ST980 M.2 2280(256GB),e-STAR,내장형,M.2 (2280),PCIe3.0x4 (32GT/s),256GB,MLC(기타),,,파이슨,최대 2200MB/s,최대 3000MB/s,,O,,,,,,173400,http://timg.danawa.com/prod_img/500000/672/544/img/4544672_1.jpg"
"e-STAR  SX300 mSATA(64GB),e-STAR,내장형,Mini SATA(mSATA),SATA3(6Gb/s),64GB,MLC(기타),,,파이슨,,,,,,,,,,51480,http://timg.danawa.com/prod_img/500000/552/939/img/2939552_1.jpg"
"삼성전자  850 EVO M.2 2280(1TB),삼성전자,내장형,M.2 (2280),SATA3 (6Gb/s),1TB,,3D낸드,,삼성 MGX Controller,최대 500MB/s,최대 540MB/s,,,,,,,,444350,http://timg.danawa.com/prod_img/500000/327/254/img/4254327_1.jpg"
"KINGMAX  3.5 브라켓,KINGMAX,SSD 주변기기,철재(SECC),,,,,,,,,,,,,O,,,1070,http://timg.danawa.com/prod_img/500000/749/925/img/1925749_1.jpg"
"디오테라  VIVA 300S PRO(32GB),디오테라,내장형,2.5형(6.4cm),SATA3 (6Gb/s),64GB,MLC(기타),2D낸드,,실리콘모션 SM2246,최대 60MB/s,최대 300MB/s,,,,,,,,34310,http://timg.danawa.com/prod_img/500000/182/014/img/5014182_1.jpg"
"마이크론 Crucial MX300 M.2 2280 아스크텍(525GB),마이크론,내장형,M.2 (2280),SATA3 (6Gb/s),525GB,TLC(기타),3D낸드,,마벨 88SS1074,최대 500MB/s,최대 530MB/s,,,,,,,,202640,http://timg.danawa.com/prod_img/500000/013/410/img/4410013_1.jpg"
"인텔  DC S3520 Series(150GB),인텔,내장형,2.5형(6.4cm),SATA3 (6Gb/s),150GB,MLC(동기식),3D낸드,16 nm,,최대 380MB/s,최대 450MB/s,,,,,,,,152900,http://timg.danawa.com/prod_img/500000/133/579/img/4579133_1.jpg"
"삼성전자  850 EVO mSATA(500GB),삼성전자,내장형,Mini SATA(mSATA),SATA3(6Gb/s),500GB,TLC(토글),3D낸드,,삼성전자 MGX Controller,최대 520MB/s,최대 540MB/s,,,,,,,,232470,http://timg.danawa.com/prod_img/500000/742/102/img/3102742_1.jpg"
"e-STAR  SX300 mSATA(32GB),e-STAR,내장형,Mini SATA(mSATA),SATA3(6Gb/s),32GB,MLC(기타),,,파이슨,,,,,,,,,,43350,http://timg.danawa.com/prod_img/500000/540/939/img/2939540_1.jpg"
"e-STAR  ST360 M.2 2260(256GB),e-STAR,내장형,M.2 (2260),SATA3 (6Gb/s),256GB,TLC(기타),3D낸드,,파이슨,,,,,,,,,,153320,http://timg.danawa.com/prod_img/500000/347/831/img/2831347_1.jpg"
"바른전자  OJ500i(256GB),바른전자,내장형,2.5형(6.4cm),SATA3(6Gb/s),256GB,MLC(기타),,,실리콘모션 SM2246,최대 145.10MB/s,최대 534.19MB/s,,,,,,,,106210,http://timg.danawa.com/prod_img/500000/923/133/img/4133923_1.jpg"
"마이크론 Crucial MX300 M.2 2280 아스크텍(1TB),마이크론,내장형,M.2 (2280),SATA3 (6Gb/s),1TB,TLC(기타),3D낸드,,마벨 88SS1074,최대 500MB/s,최대 530MB/s,,,,,,,,385820,http://timg.danawa.com/prod_img/500000/017/410/img/4410017_1.jpg"
"트랜센드  SSD360S(128GB),트랜센드,내장형,2.5형(6.4cm),SATA3(6Gb/s),128GB,MLC(토글),,,Transcend TS6510,200MB/s,540MB/s,,,,,,,,82910,http://timg.danawa.com/prod_img/500000/694/598/img/3598694_1.jpg"
"삼성전자  850 EVO mSATA(1TB),삼성전자,내장형,Mini SATA(mSATA),SATA3(6Gb/s),1TB,TLC(토글),3D낸드,,삼성전자 MGX Controller,최대 520MB/s,최대 540MB/s,,,,,,,,454100,http://timg.danawa.com/prod_img/500000/755/102/img/3102755_1.jpg"
"실리콘파워  Slim S60 Phison(120GB),실리콘파워,내장형,2.5형(6.4cm),SATA3(6Gb/s),120GB,MLC(토글),,,파이슨,최대 490MB/s,최대 520MB/s,,,,,,,,68280,http://timg.danawa.com/prod_img/500000/148/983/img/2983148_1.jpg"
"기가스톤  Prime SS-8400(256GB),기가스톤,내장형,2.5형(6.4cm),SATA3 (6Gb/s),256GB,TLC(기타),3D낸드,,실리콘모션 SMI2258,최대 458MB/s,최대 522MB/s,,,,,,,,110440,http://timg.danawa.com/prod_img/500000/757/831/img/4831757_1.jpg"
"KINGMAX  3.5 듀얼 브라켓,KINGMAX,SSD 주변기기,,,,,,,,,,,,,,O,,,1410,http://timg.danawa.com/prod_img/500000/458/062/img/3062458_1.jpg"
"Sandisk  X400(256GB),Sandisk,내장형,2.5형(6.4cm),SATA3(6Gb/s),256GB,TLC(토글),,,마벨 88SS1074-BSW2,최대 520MB/s,최대 540MB/s,,,,,,,,130050,http://timg.danawa.com/prod_img/500000/000/735/img/3735000_1.jpg"
"디오테라  VIVA 300S(240GB),디오테라,내장형,2.5형(6.4cm),SATA3 (6Gb/s),240GB,TLC(기타),2D낸드,,실리콘모션 SMI SM2258H,최대 425MB/s,최대 562MB/s,,,,,,,,100780,http://timg.danawa.com/prod_img/500000/773/204/img/5204773_1.jpg"
"디오테라  VIVA 300S PRO(64GB),디오테라,내장형,2.5형(6.4cm),SATA3 (6Gb/s),64GB,MLC(기타),2D낸드,,실리콘모션 SM2246,최대 100MB/s,최대 500MB/s,,,,,,,,48120,http://timg.danawa.com/prod_img/500000/177/014/img/5014177_1.jpg"
"킹스톤  S3 M.2 2280 벌크(128GB),킹스톤,내장형,,M.2 (2280),,MLC(토글),,15 nm,,최대 150MB/s,최대 500MB/s,,,,,,,,69150,http://timg.danawa.com/prod_img/500000/853/989/img/3989853_1.jpg"
"실리콘파워  Slim S56(240GB),실리콘파워,내장형,2.5형(6.4cm),SATA3 (6Gb/s),240GB,TLC(기타),2D낸드,,파이슨,최대 530MB/s,최대 560MB/s,,,,,,,,106210,http://timg.danawa.com/prod_img/500000/773/826/img/4826773_1.jpg"
"NCTOP  MIRASOL 2.5 슬롯형 SSD GUIDE,NCTOP,,,,,,,,,,,,,,,,,,2170,http://timg.danawa.com/prod_img/500000/404/289/img/2289404_1.jpg"
"킹스톤  SSDNow A400(480GB),킹스톤,내장형,2.5형(6.4cm),SATA3 (6Gb/s),480GB,TLC(기타),2D낸드,,킹스톤,최대 450MB/s,최대 500MB/s,,,,,,,,177980,http://timg.danawa.com/prod_img/500000/918/026/img/5026918_1.jpg"
"디오테라  VIVA 300S M.2 2280(128GB),디오테라,내장형,M.2 (2280),SATA3 (6Gb/s),128GB,MLC(기타),2D낸드,,실리콘모션 SM2246,최대 200MB/s,최대 520MB/s,,,,,,,,70120,http://timg.danawa.com/prod_img/500000/670/011/img/5011670_1.jpg"
"트랜센드  SSD220S(240GB),트랜센드,내장형,2.5형(6.4cm),SATA3 (6Gb/s),240GB,TLC(기타),2D낸드,,기타,최대 450MB/s,최대 550MB/s,,,,,,,,110000,http://timg.danawa.com/prod_img/500000/348/975/img/3975348_1.jpg"
"인텔  540s M.2 2280(480GB),인텔,내장형,M.2 (2280),SATA3 (6Gb/s),480GB,TLC(토글),,,,최대 480MB/s,최대 560MB/s,,O,,,,,,205920,http://timg.danawa.com/prod_img/500000/174/031/img/4031174_1.jpg"
"PNY  CS1311(480GB),PNY,내장형,,SATA3 (6Gb/s),480GB,TLC(토글),,,파이슨 PS3110-S10-X,최대 520MB/s,최대 550MB/s,,,,,,,,180120,http://timg.danawa.com/prod_img/500000/475/824/img/3824475_1.jpg"
"e-STAR  SSD NGFF ST340 M.2 2242(256GB),e-STAR,내장형,M.2 (2242),SATA3 (6Gb/s),256GB,MLC(기타),,,파이슨,,,,,,,,,,147960,http://timg.danawa.com/prod_img/500000/445/383/img/3383445_1.jpg"
"TOPDISK  SKT20(64GB),TOPDISK,내장형,2.5형(6.4cm),SATA3 (6Gb/s),64GB,MLC(토글),2D낸드,15 nm,실리콘모션 SM2246XT,최대 150MB/s,최대 500MB/s,,,,,,,,47710,http://timg.danawa.com/prod_img/500000/996/144/img/5144996_1.jpg"
"PNY  OPTIMA RE SSD(128GB),PNY,내장형,2.5형(6.4cm),SATA3(6Gb/s),128GB,MLC(토글),,,,최대 150MB/s,최대 520MB/s,,,,,,,,73590,http://timg.danawa.com/prod_img/500000/000/093/img/3093000_1.jpg"
"PNY  CS1311B(128GB),PNY,내장형,2.5형(6.4cm),SATA3 (6Gb/s),128GB,TLC(기타),3D낸드,,파이슨,최대 540MB/s,최대 560MB/s,,,,,,,,73590,http://timg.danawa.com/prod_img/500000/585/966/img/4966585_1.jpg"
"바른전자  BSS500S(128GB),바른전자,내장형,2.5형(6.4cm),SATA3 (6Gb/s),128GB,TLC(토글),3D낸드,15 nm,파이슨 PS3111-S11,540MB/s,560MB/s,,,,,,,,68280,http://timg.danawa.com/prod_img/500000/573/892/img/4892573_1.jpg"
"인텔  540s(120GB),인텔,내장형,2.5형(6.4cm),SATA3 (6Gb/s),120GB,TLC(토글),,,,최대 480MB/s,최대 560MB/s,,O,,,,,,91040,http://timg.danawa.com/prod_img/500000/593/968/img/3968593_1.jpg"
"PNY  CS1311B(256GB),PNY,내장형,2.5형(6.4cm),SATA3 (6Gb/s),256GB,TLC(기타),3D낸드,,파이슨,최대 540MB/s,최대 560MB/s,,,,,,,,122470,http://timg.danawa.com/prod_img/500000/916/966/img/4966916_1.jpg"
"트랜센드  SSD370S(256GB),트랜센드,내장형,2.5형(6.4cm),SATA3(6Gb/s),256GB,MLC(동기식),,,Transcend TS6500,최대 320MB/s,최대 560MB/s,,,,,,,,160400,http://timg.danawa.com/prod_img/500000/087/190/img/3190087_1.jpg"
"마하링크  2.5 가이드 (ML-HG2535),마하링크,SSD 주변기기,플라스틱,,,,,,,,,,,,,,,,1720,http://timg.danawa.com/prod_img/500000/556/680/img/2680556_1.jpg"
"PNY  3.5 변환 SSD 가이드,PNY,SSD 주변기기,철재(SECC),,,,,,,,,,,,,,,,1950,http://timg.danawa.com/prod_img/500000/213/823/img/3823213_1.jpg"
"e-STAR  SX300 mSATA(128GB),e-STAR,내장형,Mini SATA(mSATA),SATA3(6Gb/s),128GB,MLC(기타),,,파이슨,,,,,,,,,,88990,http://timg.danawa.com/prod_img/500000/559/939/img/2939559_1.jpg"
"PHINOCOM  P700S EVO(120GB),PHINOCOM,내장형,2.5형(6.4cm),SATA3 (6Gb/s),120GB,TLC(기타),2D낸드,,,최대 440MB/s,최대 530MB/s,,,,,,,,65400,http://timg.danawa.com/prod_img/500000/286/069/img/5069286_1.jpg"
"트랜센드  SSD370S(128GB),트랜센드,내장형,2.5형(6.4cm),SATA3(6Gb/s),128GB,MLC(동기식),,,Transcend TS6500,최대 170MB/s,최대 550MB/s,,,,,,,,85620,http://timg.danawa.com/prod_img/500000/082/190/img/3190082_1.jpg"
"파이슨  2.5 SSD S925 벌크 디지탈그리고나(64GB),파이슨,내장형,,2.5형(6.4cm),,MLC(동기식),,,파이슨 PS3109-S9,최대 440MB/s,최대 540MB/s,,,,,,,,53610,http://timg.danawa.com/prod_img/500000/210/446/img/3446210_1.jpg"
"e-STAR  SSD Series S9(32GB),e-STAR,내장형,2.5형(6.4cm),SATA3(6Gb/s),32GB,MLC(토글),,,,최대 440MB/s,최대 540MB/s,,,,,,,,39020,http://timg.danawa.com/prod_img/500000/278/053/img/3053278_1.jpg"
"OCZ SS  TL100 병행수입(240GB),OCZ SS,내장형,,2.5형(6.4cm),,TLC(토글),,,,,,,,,,,,,100250,http://timg.danawa.com/prod_img/500000/297/928/img/4928297_1.jpg"
"파이슨  S960 M.2 2260 벌크 디지탈그리고나(256GB),파이슨,내장형,,M.2 (2260),,MLC(동기식),,,파이슨 PS3109-S9,최대 500MB/s,최대 540MB/s,,,,,,,,153320,http://timg.danawa.com/prod_img/500000/238/446/img/3446238_1.jpg"
"삼성전자  850 EVO Series(250GB, 병행수입),삼성전자,내장형,,2.5형(6.4cm),,TLC(토글),3D낸드,,삼성 MGX 컨트롤러,최대 쓰기 520MB/s,최대 읽기 540MB/s,,,,,,,,119220,http://timg.danawa.com/prod_img/500000/153/956/img/2956153_1.jpg"
"강원전자 NETmate USB 3.0 mSATA SSD 알루미늄 케이스 (NM-SSC1),강원전자,SSD 주변기기,알류미늄,Mini SATA(mSATA),,,,,,,,,,,,,,,24660,http://timg.danawa.com/prod_img/500000/588/686/img/2686588_1.jpg"
"e-STAR  ST380 M.2 2280(256GB),e-STAR,내장형,M.2 (2280),SATA3 (6Gb/s),256GB,MLC(기타),,,파이슨,,,,,,,,,,137640,http://timg.danawa.com/prod_img/500000/904/960/img/2960904_1.jpg"
"ADATA  Ultimate SU800 M.2 2280(256GB),ADATA,내장형,M.2 (2280),SATA3 (6Gb/s),256GB,TLC(기타),3D낸드,,실리콘모션,최대 520MB/s,최대 560MB/s,,,,,,,,126800,http://timg.danawa.com/prod_img/500000/146/736/img/4736146_1.jpg"
"트랜센드  SSD220S(120GB),트랜센드,내장형,2.5형(6.4cm),SATA3 (6Gb/s),120GB,TLC(기타),2D낸드,,기타,최대 420MB/s,최대 550MB/s,,,,,,,,66110,http://timg.danawa.com/prod_img/500000/615/091/img/4091615_1.jpg"
"e-STAR  SSD NGFF ST340 M.2 2242(128GB),e-STAR,내장형,M.2 (2242),SATA3 (6Gb/s),128GB,MLC(기타),,,파이슨,,,,,,,,,,92210,http://timg.danawa.com/prod_img/500000/201/574/img/2574201_1.jpg"
"e-STAR  SSD Series S9(64GB),e-STAR,내장형,2.5형(6.4cm),SATA3(6Gb/s),64GB,MLC(토글),,,,최대 440MB/s,최대 540MB/s,,,,,,,,53610,http://timg.danawa.com/prod_img/500000/272/053/img/3053272_1.jpg"
"e-STAR  SX300 mSATA(256GB),e-STAR,내장형,Mini SATA(mSATA),SATA3(6Gb/s),256GB,MLC(기타),,,파이슨,,,,,,,,,,144140,http://timg.danawa.com/prod_img/500000/456/946/img/2946456_1.jpg"
"삼성전자  850 PRO 병행수입(256GB),삼성전자,내장형,,2.5형(6.4cm),,,3D낸드,,삼성 3-CORE MEX,최대 520MB/s,최대 550MB/s,,,,,,,,181190,http://timg.danawa.com/prod_img/500000/976/783/img/2783976_1.jpg"
"디오테라  VIVA 300S mSATA(128GB),디오테라,내장형,Mini SATA(mSATA),SATA3 (6Gb/s),128GB,MLC(기타),2D낸드,,실리콘모션 SM2246,최대 200MB/s,최대 520MB/s,,,,,,,,71190,http://timg.danawa.com/prod_img/500000/586/014/img/5014586_1.jpg"
"e-STAR  ES-SMU3,e-STAR,M.2 컨버터,,,,,,,,,,,,,,,,,22760,http://timg.danawa.com/prod_img/500000/403/757/img/2757403_1.jpg"
"인텔  750 Series(400GB),인텔,내장형,PCIe 카드,PCIe3.0x4 (32GT/s),400GB,MLC(기타),,20 nm,인텔,최대 900MB/s,최대 2200MB/s,,,,,,,,509270,http://timg.danawa.com/prod_img/500000/167/181/img/3181167_1.jpg"
"e-STAR  SATADOM SDOM 벌크 디지탈그리고나(32GB),e-STAR,산업용,,SATA DOM,,MLC(토글),,,파이슨,,,,,,,,,,37930,http://timg.danawa.com/prod_img/500000/110/196/img/4196110_1.jpg"
"인텔  DC S3520 Series(240GB),인텔,내장형,2.5형(6.4cm),SATA3 (6Gb/s),240GB,MLC(동기식),3D낸드,16 nm,,최대 380MB/s,최대 450MB/s,,,,,,,,222200,http://timg.danawa.com/prod_img/500000/126/579/img/4579126_1.jpg"
"디오테라  VIVA 300S mSATA(256GB),디오테라,내장형,Mini SATA(mSATA),SATA3 (6Gb/s),256GB,MLC(기타),2D낸드,,실리콘모션 SM2246,최대 380MB/s,최대 540MB/s,,,,,,,,120510,http://timg.danawa.com/prod_img/500000/562/014/img/5014562_1.jpg"
"e-STAR  ST380 M.2 2280(128GB),e-STAR,내장형,M.2 (2280),SATA3 (6Gb/s),128GB,MLC(기타),,,파이슨,,,,,,,,,,82370,http://timg.danawa.com/prod_img/500000/902/960/img/2960902_1.jpg"
"ADATA  Ultimate SU800(1TB),ADATA,내장형,2.5형(6.4cm),SATA3 (6Gb/s),1TB,TLC(기타),3D낸드,,실리콘모션 SM2258,최대 520MB/s,최대 560MB/s,,,,,,,,461030,http://timg.danawa.com/prod_img/500000/922/401/img/4401922_1.jpg"
"e-STAR  SX301 mSATA(256GB),e-STAR,내장형,Mini SATA(mSATA),SATA3 (6Gb/s),256GB,TLC(토글),,,파이슨,450MB/s,550MB/s,,,,,,,,126800,http://timg.danawa.com/prod_img/500000/785/576/img/4576785_1.jpg"
"케이원정보  SCB101 듀얼 가이드,케이원정보,SSD 주변기기,,3.5형(8.9cm),,,,,,,,,,,,,,,2170,http://timg.danawa.com/prod_img/500000/540/418/img/1418540_1.jpg"
"길산지에스월드  GS-FLE2100(128GB),길산지에스월드,내장형,2.5형(6.4cm),SATA3 (6Gb/s),128GB,TLC(기타),2D낸드,,파이슨,최대 480MB/s,최대 520MB/s,,,,,,,,64110,http://timg.danawa.com/prod_img/500000/428/014/img/5014428_1.jpg"
"e-STAR  SSD Series S9(128GB),e-STAR,내장형,2.5형(6.4cm),SATA3(6Gb/s),128GB,MLC(토글),,,,최대 510MB/s,최대 560MB/s,,,,,,,,85770,http://timg.danawa.com/prod_img/500000/253/053/img/3053253_1.jpg"
"킹스톤  SSDNow A400(120GB),킹스톤,내장형,2.5형(6.4cm),SATA3 (6Gb/s),120GB,TLC(기타),2D낸드,,킹스톤,최대 320MB/s,최대 500MB/s,,,,,,,,67190,http://timg.danawa.com/prod_img/500000/893/017/img/5017893_1.jpg"
"ADATA  Ultimate SU800 M.2 2280(128GB),ADATA,내장형,M.2 (2280),SATA3 (6Gb/s),128GB,TLC(기타),3D낸드,,실리콘모션,최대 300MB/s,최대 560MB/s,,,,,,,,73440,http://timg.danawa.com/prod_img/500000/150/736/img/4736150_1.jpg"
"PNY  OPTIMA RE SSD(256GB),PNY,내장형,2.5형(6.4cm),SATA3(6Gb/s),256GB,MLC(토글),,,,최대 300MB/s,최대 530MB/s,,,,,,,,128860,http://timg.danawa.com/prod_img/500000/007/093/img/3093007_1.jpg"
"디오테라  VIVA 300S PRO(512GB),디오테라,내장형,2.5형(6.4cm),SATA3 (6Gb/s),512GB,MLC(기타),2D낸드,,실리콘모션 SM2246,최대 385MB/s,최대 500MB/s,,,,,,,,202640,http://timg.danawa.com/prod_img/500000/420/105/img/5105420_1.jpg"
"PNY  OPTIMA RE SSD(512GB),PNY,내장형,2.5형(6.4cm),SATA3(6Gb/s),512GB,MLC(토글),,,,최대 400MB/s,최대 550MB/s,,,,,,,,217800,http://timg.danawa.com/prod_img/500000/014/093/img/3093014_1.jpg"
"트랜센드  SSD360S(256GB),트랜센드,내장형,2.5형(6.4cm),SATA3(6Gb/s),256GB,MLC(토글),,,Transcend TS6510,340MB/s,540MB/s,,,,,,,,139810,http://timg.danawa.com/prod_img/500000/683/598/img/3598683_1.jpg"
"e-STAR  Half Slim SSD i1000(32GB),e-STAR,산업용,2.5형(6.4cm),SATA3(6Gb/s),16GB,MLC(토글),,,파이슨 PS3109-S9,최대 440MB/s,최대 540MB/s,,,,,,,,44430,http://timg.danawa.com/prod_img/500000/534/280/img/3280534_1.jpg"
"파이슨  2.5 SSD S925 벌크 디지탈그리고나(32GB),파이슨,내장형,,2.5형(6.4cm),,MLC(동기식),,,파이슨 PS3109-S9,최대 440MB/s,최대 540MB/s,,,,,,,,37530,http://timg.danawa.com/prod_img/500000/026/446/img/3446026_1.jpg"
"트랜센드  SSD370S(512GB),트랜센드,내장형,2.5형(6.4cm),SATA3(6Gb/s),512GB,MLC(동기식),,,Transcend TS6500,최대 460MB/s,최대 560MB/s,,,,,,,,320800,http://timg.danawa.com/prod_img/500000/163/208/img/3208163_1.jpg"
"삼성전자  SM961 M.2 2280 병행수입(1TB),삼성전자,내장형,,M.2 (2280),NVMe 1.2,MLC(토글),3D낸드,,삼성 Polaris (AMD),최대 1800MB/s,최대 3200MB/s,,,,,,,,775170,http://timg.danawa.com/prod_img/500000/535/335/img/4335535_1.jpg"
"트랜센드  MTS600 M.2 2260(512GB),트랜센드,내장형,M.2 (2260),SATA3 (6Gb/s),512GB,MLC(동기식),,20 nm,Transcend TS6500,460MB/s,550MB/s,,,,,,,,313500,http://timg.danawa.com/prod_img/500000/874/877/img/2877874_1.jpg"
"인텔  540s(1TB),인텔,내장형,2.5형(6.4cm),SATA3 (6Gb/s),1TB,TLC(토글),,,,최대 480MB/s,최대 560MB/s,,O,,,,,,493120,http://timg.danawa.com/prod_img/500000/441/968/img/3968441_1.jpg"
"파이슨  mSATA SSD S9MS 디지탈그리고나(32GB, 벌크),파이슨,내장형,,Mini SATA(mSATA),,MLC(동기식),,,파이슨 PS3109-S9,최대 200MB/s,최대 510MB/s,,,,,,,,40740,http://timg.danawa.com/prod_img/500000/266/446/img/3446266_1.jpg"
"바른전자  BSS500S(256GB),바른전자,내장형,2.5형(6.4cm),SATA3 (6Gb/s),256GB,TLC(토글),3D낸드,15 nm,파이슨 PS3111-S11,540MB/s,560MB/s,,,,,,,,114880,http://timg.danawa.com/prod_img/500000/544/892/img/4892544_1.jpg"
"트랜센드  SSD370S(64GB),트랜센드,내장형,2.5형(6.4cm),SATA3(6Gb/s),64GB,MLC(동기식),,,Transcend TS6500,최대 80MB/s,최대 450MB/s,,,,,,,,53350,http://timg.danawa.com/prod_img/500000/080/190/img/3190080_1.jpg"
"e-STAR  SX300 mSATA(8GB),e-STAR,내장형,Mini SATA(mSATA),SATA3(6Gb/s),8GB,MLC(기타),,,파이슨,,,,,,,,,,26010,http://timg.danawa.com/prod_img/500000/556/143/img/3143556_1.jpg"
"ADATA  Ultimate SU900(1TB),ADATA,내장형,2.5형(6.4cm),SATA3 (6Gb/s),1TB,MLC(기타),3D낸드,,실리콘모션 SMI 2258,최대 525MB/s,최대 560MB/s,,,,,,,,563560,http://timg.danawa.com/prod_img/500000/144/867/img/4867144_1.jpg"
"트랜센드  SSD220S(480GB),트랜센드,내장형,2.5형(6.4cm),SATA3 (6Gb/s),480GB,TLC(기타),2D낸드,,기타,최대 450MB/s,최대 550MB/s,,,,,,,,243380,http://timg.danawa.com/prod_img/500000/334/975/img/3975334_1.jpg"
"킹스톤  S3 M.2 2280 벌크(256GB),킹스톤,내장형,,M.2 (2280),,MLC(토글),,15 nm,,최대 150MB/s,최대 510MB/s,,,,,,,,114180,http://timg.danawa.com/prod_img/500000/840/989/img/3989840_1.jpg"
"트랜센드  SSD230S(128GB),트랜센드,내장형,,SATA3 (6Gb/s),128GB,TLC(기타),3D낸드,,,최대 300MB/s,최대 560MB/s,,,,,,,,71530,http://timg.danawa.com/prod_img/500000/624/825/img/4825624_1.jpg"
"e-STAR  3.5 변환 SSD 가이드,e-STAR,SSD 주변기기,철재(SECC),,,,,,,,,,,,,,,,1950,http://timg.danawa.com/prod_img/500000/105/923/img/2923105_1.jpg"
"파이슨  mSATA SSD S9MS 디지탈그리고나(128GB, 벌크),파이슨,내장형,,Mini SATA(mSATA),,MLC(동기식),,,파이슨 PS3109-S9,최대 200MB/s,최대 510MB/s,,,,,,,,88990,http://timg.danawa.com/prod_img/500000/270/446/img/3446270_1.jpg"
"e-STAR  ES-SE221,e-STAR,M.2 컨버터,,,,,,,,,,,,,,,,,20590,http://timg.danawa.com/prod_img/500000/393/757/img/2757393_1.jpg"
"삼성전자  SM951 M.2 2280 병행수입(512GB),삼성전자,내장형,,M.2 (2280),NVMe,MLC(토글),,,삼성 UBX,최대 1260MB/s,최대 2150MB/s,,,,,,,,270560,http://timg.danawa.com/prod_img/500000/195/991/img/3991195_1.jpg"
"실리콘파워  Slim S55(240GB),실리콘파워,내장형,2.5형(6.4cm),SATA3 (6Gb/s),240GB,TLC(기타),3D낸드,,,최대 370MB/s,최대 450MB/s,,,,,,,,108290,http://timg.danawa.com/prod_img/500000/885/126/img/5126885_1.jpg"
"블루존  M.2 USB 3.0 UASP(하드미포함),블루존,SSD 주변기기,알류미늄,,,,,,JMicron JMS567,,,,,,,,,,30020,http://timg.danawa.com/prod_img/500000/592/506/img/3506592_1.jpg"
"e-STAR  Elite S91(128GB),e-STAR,내장형,2.5형(6.4cm),SATA3 (6Gb/s),128GB,TLC(기타),3D낸드,,파이슨,최대 520MB/s,최대 560MB/s,,,,,,,,71960,http://timg.danawa.com/prod_img/500000/510/860/img/4860510_1.jpg"
"트랜센드  MTS800 M.2 2280(128GB),트랜센드,내장형,M.2 (2280),SATA3 (6Gb/s),128GB,MLC(동기식),,20 nm,Transcend TS6500,최대 170MB/s,최대 540MB/s,,,,,,,,88870,http://timg.danawa.com/prod_img/500000/958/813/img/2813958_1.jpg"
"파이슨  Half Slim SSD S9HS 벌크 디지탈그리고나(16GB),파이슨,내장형,,2.5형(6.4cm),,MLC(동기식),,,파이슨 PS3109-S9,최대 150MB/s,최대 300MB/s,,,,,,,,35380,http://timg.danawa.com/prod_img/500000/119/446/img/3446119_1.jpg"
"e-STAR  Half Slim SSD i1000(64GB),e-STAR,산업용,2.5형(6.4cm),SATA3(6Gb/s),64GB,MLC(토글),,,파이슨 PS3109-S9,최대 440MB/s,최대 550MB/s,,,,,,,,54680,http://timg.danawa.com/prod_img/500000/541/280/img/3280541_1.jpg"
"PATRIOT  SPARK(256GB),PATRIOT,내장형,2.5형(6.4cm),SATA3 (6Gb/s),256GB,TLC(토글),,15 nm,파이슨 S11,최대 500MB/s,최대 555MB/s,,,,,,,,118670,http://timg.danawa.com/prod_img/500000/250/416/img/4416250_1.jpg"
"e-STAR  mSATA SSD 컨버터 (SMU31),e-STAR,SSD 주변기기,철재(SECC),,,,,,,,,,,,,,,,24930,http://timg.danawa.com/prod_img/500000/184/878/img/3878184_1.jpg"
"파이슨  S942 M.2 2242 벌크 디지탈그리고나(128GB),파이슨,내장형,,M.2 (2242),,MLC(동기식),,,파이슨 PS3109-S9,최대 440MB/s,최대 540MB/s,,,,,,,,92210,http://timg.danawa.com/prod_img/500000/165/446/img/3446165_1.jpg"
"e-STAR  SSD Series S9(256GB),e-STAR,내장형,2.5형(6.4cm),SATA3(6Gb/s),256GB,MLC(토글),,,,최대 530MB/s,최대 560MB/s,,,,,,,,135090,http://timg.danawa.com/prod_img/500000/375/959/img/3959375_1.jpg"
"NETmate  SSD Mini SATA 변환 케이스 (NM-SSC2),NETmate,SSD 주변기기,알류미늄,2.5형(6.4cm),,,,,,,,,,,,,,,22220,http://timg.danawa.com/prod_img/500000/507/589/img/2589507_1.jpg"
"파이슨  mSATA SSD S9MS 디지탈그리고나(256GB, 벌크),파이슨,내장형,,Mini SATA(mSATA),,MLC(동기식),,,파이슨 PS3109-S9,최대 200MB/s,최대 510MB/s,,,,,,,,142600,http://timg.danawa.com/prod_img/500000/273/446/img/3446273_1.jpg"
"MiSD  Core M250(120GB),MiSD,내장형,2.5형(6.4cm),SATA3(6Gb/s),120GB,TLC(토글),,,마벨 88NV1120,최대 400MB/s,최대 530MB/s,,,,,,,,63400,http://timg.danawa.com/prod_img/500000/257/211/img/4211257_1.jpg"
"e-STAR  Elite S91(256GB),e-STAR,내장형,2.5형(6.4cm),SATA3 (6Gb/s),256GB,TLC(기타),3D낸드,,파이슨,최대 540MB/s,최대 560MB/s,,,,,,,,118020,http://timg.danawa.com/prod_img/500000/492/860/img/4860492_1.jpg"
"파이슨  2.5 SSD S925 벌크 디지탈그리고나(128GB),파이슨,내장형,,2.5형(6.4cm),,MLC(동기식),,,파이슨 PS3109-S9,최대 440MB/s,최대 540MB/s,,,,,,,,85770,http://timg.danawa.com/prod_img/500000/217/446/img/3446217_1.jpg"
"삼성전자  PM961 M.2 2280 병행수입(1TB),삼성전자,내장형,,M.2 (2280),NVMe 1.2,TLC(토글),,,삼성 Polaris (AMD),,,,,,,,,,566720,http://timg.danawa.com/prod_img/500000/885/606/img/4606885_1.jpg"
"e-STAR  SX301 mSATA(128GB),e-STAR,내장형,Mini SATA(mSATA),SATA3 (6Gb/s),128GB,TLC(토글),,,파이슨,450MB/s,550MB/s,,,,,,,,76120,http://timg.danawa.com/prod_img/500000/786/576/img/4576786_1.jpg"
"e-STAR  SATADOM SDOM 벌크 디지탈그리고나(16GB),e-STAR,산업용,,SATA DOM,,MLC(토글),,,파이슨,,,,,,,,,,34680,http://timg.danawa.com/prod_img/500000/136/196/img/4196136_1.jpg"
"MK2  듀얼 SSD 가이드(HG-2),MK2,SSD 주변기기,플라스틱,,,,,,,,,,,,,O,,,1630,http://timg.danawa.com/prod_img/500000/797/524/img/1524797_1.jpg"
"파이슨  S57 M.2 2280 벌크(256GB),파이슨,내장형,,M.2 (2280),NVMe 1.2,MLC(기타),2D낸드,,파이슨,,,,,,,,,,169400,http://timg.danawa.com/prod_img/500000/326/077/img/5077326_1.jpg"
"파이슨  mSATA SSD S9MS 디지탈그리고나(64GB, 벌크),파이슨,내장형,,Mini SATA(mSATA),,MLC(동기식),,,파이슨 PS3109-S9,최대 200MB/s,최대 510MB/s,,,,,,,,50390,http://timg.danawa.com/prod_img/500000/269/446/img/3446269_1.jpg"
"명인일렉트로닉스 엠트루 M.2 SSD 컨버터 (MSV-120),명인일렉트로닉스,SSD 주변기기,,,,,,,,,,,,,,,,,21460,http://timg.danawa.com/prod_img/500000/565/627/img/3627565_1.jpg"
"파이슨  Half Slim SSD S9HS 벌크 디지탈그리고나(32GB),파이슨,내장형,,2.5형(6.4cm),,MLC(동기식),,,파이슨 PS3109-S9,최대 150MB/s,최대 500MB/s,,,,,,,,43960,http://timg.danawa.com/prod_img/500000/224/446/img/3446224_1.jpg"
"파이슨  Half Slim SSD S9HS 벌크 디지탈그리고나(64GB),파이슨,내장형,,2.5형(6.4cm),,MLC(동기식),,,파이슨 PS3109-S9,최대 180MB/s,최대 520MB/s,,,,,,,,54680,http://timg.danawa.com/prod_img/500000/229/446/img/3446229_1.jpg"
"명인일렉트로닉스 엠트루 M.2 SSD 컨버터 (MSV-119),명인일렉트로닉스,SSD 주변기기,,,,,,,,,,,,,,,,,22760,http://timg.danawa.com/prod_img/500000/534/627/img/3627534_1.jpg"
"트랜센드  MTS400 Series(512GB),트랜센드,내장형,M.2 (2242),SATA3 (6Gb/s),512GB,MLC(기타),,,Transcend TS6500,460MB/s,560MB/s,,,,,,,,335580,http://timg.danawa.com/prod_img/500000/595/498/img/3498595_1.jpg"
"e-STAR  ST381 M.2 2280(128GB),e-STAR,내장형,M.2 (2280),SATA3 (6Gb/s),128GB,TLC(토글),,,파이슨,최대 520MB/s,최대 550MB/s,,,,,,,,77200,http://timg.danawa.com/prod_img/500000/314/368/img/4368314_1.jpg"
"파이슨  S1125 벌크(128GB),파이슨,내장형,,2.5형(6.4cm),,TLC(기타),3D낸드,,파이슨,,,,,,,,,,70230,http://timg.danawa.com/prod_img/500000/281/077/img/5077281_1.jpg"
"트랜센드  SSD370S(1TB),트랜센드,내장형,2.5형(6.4cm),SATA3(6Gb/s),1TB,MLC(동기식),,,Transcend TS6500,최대 460MB/s,최대 560MB/s,,,,,,,,570070,http://timg.danawa.com/prod_img/500000/009/244/img/3244009_1.jpg"
"e-STAR  Half Slim SSD i1000(16GB),e-STAR,산업용,2.5형(6.4cm),SATA3(6Gb/s),16GB,MLC(토글),,,파이슨 PS3109-S9,최대 440MB/s,최대 540MB/s,,,,,,,,35380,http://timg.danawa.com/prod_img/500000/520/280/img/3280520_1.jpg"
"명인일렉트로닉스 엠트루 M.2 SSD 컨버터 (MSV-125),명인일렉트로닉스,SSD 주변기기,,,,,,,,,,,,,,,,,36090,http://timg.danawa.com/prod_img/500000/605/627/img/3627605_1.jpg"
"e-STAR  M.2 SSD 컨버터 (SMU31),e-STAR,SSD 주변기기,철재(SECC),,,,,,,,,,,,,,,,24930,http://timg.danawa.com/prod_img/500000/352/805/img/3805352_1.jpg"
"티피원  M.2 SATA to SATA 변환 케이스 (TPM2580),티피원,SSD 주변기기,플라스틱,,,,,,,,,,,,,,,,9860,http://timg.danawa.com/prod_img/500000/840/091/img/3091840_1.jpg"
"파이슨  S1125 벌크(256GB),파이슨,내장형,,2.5형(6.4cm),,TLC(기타),3D낸드,,파이슨,,,,,,,,,,117400,http://timg.danawa.com/prod_img/500000/295/077/img/5077295_1.jpg"
"PATRIOT  SPARK(512GB),PATRIOT,내장형,2.5형(6.4cm),SATA3 (6Gb/s),512GB,TLC(토글),,15 nm,파이슨 S11,최대 540MB/s,최대 560MB/s,,,,,,,,205160,http://timg.danawa.com/prod_img/500000/085/469/img/4469085_1.jpg"
"파이슨  S980 M.2 2280 벌크 디지탈그리고나(256GB),파이슨,내장형,,M.2 (2280),,MLC(동기식),,,파이슨 PS3109-S9,최대 300MB/s,최대 530MB/s,,,,,,,,136160,http://timg.danawa.com/prod_img/500000/251/446/img/3446251_1.jpg"
"삼성씨앤에이치  D2 3.5 SSD 듀얼 가이드,삼성씨앤에이치,SSD 주변기기,알류미늄,,,,,,,,,,,,,O,,,3250,http://timg.danawa.com/prod_img/500000/021/534/img/2534021_1.jpg"
"PNY  2.5 변환 SSD 가이드,PNY,SSD 주변기기,플라스틱,2.5형(6.4cm),,,,,,,,,,,,,,,1630,http://timg.danawa.com/prod_img/500000/076/969/img/3969076_1.jpg"
"파이슨  S57 M.2 2280 벌크(512GB),파이슨,내장형,,M.2 (2280),NVMe 1.2,MLC(기타),2D낸드,,파이슨,,,,,,,,,,305560,http://timg.danawa.com/prod_img/500000/349/077/img/5077349_1.jpg"
"베이스캠프  BC-G2535 SSD 가이드,베이스캠프,SSD 주변기기,플라스틱,,,,,,,,,,,,,O,,,1730,http://timg.danawa.com/prod_img/500000/160/991/img/1991160_1.jpg"
"명인일렉트로닉스 엠트루 M.2 SSD 컨버터 (MSV-128),명인일렉트로닉스,SSD 주변기기,,,,,,,,,,,,,,,,,54840,http://timg.danawa.com/prod_img/500000/265/900/img/3900265_1.jpg"
"Sandisk  X400(512GB),Sandisk,내장형,2.5형(6.4cm),SATA3(6Gb/s),512GB,TLC(토글),,,마벨 88SS1074-BSW2,최대 520MB/s,최대 540MB/s,,,,,,,,214590,http://timg.danawa.com/prod_img/500000/364/741/img/3741364_1.jpg"
"파이슨  S980 M.2 2280 벌크 디지탈그리고나(128GB),파이슨,내장형,,M.2 (2280),,MLC(동기식),,,파이슨 PS3109-S9,최대 160MB/s,최대 500MB/s,,,,,,,,87920,http://timg.danawa.com/prod_img/500000/186/446/img/3446186_1.jpg"
"PATRIOT  SPARK(128GB),PATRIOT,내장형,2.5형(6.4cm),SATA3 (6Gb/s),128GB,TLC(토글),,15 nm,파이슨 S11,최대 500MB/s,최대 555MB/s,,,,,,,,76410,http://timg.danawa.com/prod_img/500000/312/416/img/4416312_1.jpg"
"인텔  540s M.2 2280(1TB),인텔,내장형,M.2 (2280),SATA3 (6Gb/s),1TB,TLC(토글),,,,최대 480MB/s,최대 560MB/s,,O,,,,,,420510,http://timg.danawa.com/prod_img/500000/491/968/img/3968491_1.jpg"
"Colorful  SL300 ONYX XT(60GB),Colorful,내장형,2.5형(6.4cm),SATA3 (6Gb/s),60GB,MLC(기타),2D낸드,,실리콘모션 SM2246XT,최대 71MB/s,최대 481MB/s,,,,,,,,47710,http://timg.danawa.com/prod_img/500000/012/197/img/5197012_1.jpg"
"트랜센드  SSD230S(256GB),트랜센드,내장형,,SATA3 (6Gb/s),256GB,TLC(기타),3D낸드,,,최대 520MB/s,최대 560MB/s,,,,,,,,113800,http://timg.danawa.com/prod_img/500000/610/825/img/4825610_1.jpg"
"BIWIN  Half Slim SSD H6210(8GB),BIWIN,산업용,기타,SATA2(3Gb/s),8GB,MLC(기타),,,기타,,,,,,,,,,29800,http://timg.danawa.com/prod_img/500000/323/133/img/2133323_1.jpg"
"트랜센드  SSD340K(256GB),트랜센드,내장형,2.5형(6.4cm),SATA3(6Gb/s),256GB,MLC(토글),,,JMicron JMF670H,330MB/s,560MB/s,,,,,,,,152810,http://timg.danawa.com/prod_img/500000/366/245/img/3245366_1.jpg"
"바른전자  BSS500(240GB),바른전자,내장형,2.5형(6.4cm),SATA3 (6Gb/s),240GB,TLC(토글),2D낸드,,파이슨 PS3110-S10,490MB/s,560MB/s,,,,,,,,100780,http://timg.danawa.com/prod_img/500000/464/828/img/4828464_1.jpg"
"파이슨  S11MS mSATA 벌크(128GB),파이슨,내장형,,Mini SATA(mSATA),,TLC(기타),2D낸드,,파이슨,,,,,,,,,,76120,http://timg.danawa.com/prod_img/500000/390/077/img/5077390_1.jpg"
"CRAFT  N1(120GB),CRAFT,내장형,2.5형(6.4cm),SATA3 (6Gb/s),120GB,TLC(토글),2D낸드,,,최대 400MB/s,최대 500MB/s,,,,,,,,69360,http://timg.danawa.com/prod_img/500000/023/771/img/4771023_1.jpg"
"CRAFT  N1(240GB),CRAFT,내장형,2.5형(6.4cm),SATA3 (6Gb/s),240GB,TLC(토글),2D낸드,,,최대 400MB/s,최대 500MB/s,,,,,,,,117050,http://timg.danawa.com/prod_img/500000/013/771/img/4771013_1.jpg"
"BIWIN  Half Slim SSD H6210(32GB),BIWIN,산업용,기타,SATA2(3Gb/s),32GB,MLC(기타),,,기타,,,,,,,,,,42920,http://timg.danawa.com/prod_img/500000/322/133/img/2133322_1.jpg"
"ADATA  Ultimate SU800 M.2 2280(512GB),ADATA,내장형,M.2 (2280),SATA3 (6Gb/s),512GB,TLC(기타),3D낸드,,실리콘모션,최대 520MB/s,최대 560MB/s,,,,,,,,330000,http://timg.danawa.com/prod_img/500000/143/736/img/4736143_1.jpg"
"삼성전자  850 PRO 병행수입(512GB),삼성전자,내장형,,2.5형(6.4cm),,,3D낸드,,삼성 3-CORE MEX,최대 520MB/s,최대 550MB/s,,,,,,,,327800,http://timg.danawa.com/prod_img/500000/745/897/img/2897745_1.jpg"
"BIWIN  Half Slim SSD H6210(16GB),BIWIN,산업용,기타,SATA2(3Gb/s),16GB,MLC(기타),,,기타,,,,,,,,,,35760,http://timg.danawa.com/prod_img/500000/321/133/img/2133321_1.jpg"
"트랜센드  MTS600 M.2 2260(128GB),트랜센드,내장형,M.2 (2260),SATA3 (6Gb/s),128GB,MLC(동기식),,20 nm,Transcend TS6500,최대 170MB/s,최대 540MB/s,,,,,,,,90060,http://timg.danawa.com/prod_img/500000/157/818/img/2818157_1.jpg"
"트랜센드  SSD340K(128GB),트랜센드,내장형,2.5형(6.4cm),SATA3(6Gb/s),128GB,MLC(토글),,,JMicron JMF670H,170MB/s,560MB/s,,,,,,,,83450,http://timg.danawa.com/prod_img/500000/358/245/img/3245358_1.jpg"
"명인일렉트로닉스 엠트루 SATADOM MD925H(32GB),명인일렉트로닉스,산업용,SATA DOM,SATA3(6Gb/s),32GB,MLC(동기식),,,파이슨 PS3109-S9,430MB/s,540MB/s,,,,,,,,38910,http://timg.danawa.com/prod_img/500000/355/710/img/3710355_1.jpg"
"ICY DOCK  2.5 2베이 가이드 (MB990SP-B),ICY DOCK,SSD 주변기기,플라스틱,,,,,,,,,,,,,,,,15170,http://timg.danawa.com/prod_img/500000/187/628/img/2628187_1.jpg"
"인텔  600P M.2 2280(256GB),인텔,내장형,M.2 (2280),PCIe3.0x4 (32GT/s),256GB,TLC(기타),3D낸드,,,최대 560MB/s,최대 1800MB/s,,O,,,,,,171240,http://timg.danawa.com/prod_img/500000/211/624/img/4624211_1.jpg"
"ADATA  Premier Pro New SP920(1TB),ADATA,내장형,2.5형(6.4cm),SATA3(6Gb/s),1TB,MLC(동기식),,,마벨 88SS9187,최대 460MB/s,최대 560MB/s,,,,,O,,,514790,http://timg.danawa.com/prod_img/500000/880/661/img/3661880_1.jpg"
"인텔  600P M.2 2280(512GB),인텔,내장형,M.2 (2280),PCIe3.0x4 (32GT/s),512GB,TLC(기타),3D낸드,,,최대 560MB/s,최대 1800MB/s,,O,,,,,,308880,http://timg.danawa.com/prod_img/500000/207/624/img/4624207_1.jpg"
"명인일렉트로닉스 엠트루 SATADOM MD925H(8GB),명인일렉트로닉스,산업용,SATA DOM,SATA3(6Gb/s),8GB,MLC(동기식),,,파이슨 PS3109-S9,430MB/s,540MB/s,,,,,,,,28900,http://timg.danawa.com/prod_img/500000/161/710/img/3710161_1.jpg"
"디오테라  VIVA 300S PLUS M.2 2280(256GB),디오테라,내장형,M.2 (2280),SATA3 (6Gb/s),256GB,MLC(기타),2D낸드,,실리콘모션 SM2246,최대 380MB/s,최대 540MB/s,,,,,,,,116870,http://timg.danawa.com/prod_img/500000/972/054/img/5054972_1.jpg"
"파이슨  mSATA SSD S9MS 디지탈그리고나(8GB, 벌크),파이슨,내장형,,Mini SATA(mSATA),,MLC(동기식),,,파이슨 PS3109-S9,최대 200MB/s,최대 510MB/s,,,,,,,,28600,http://timg.danawa.com/prod_img/500000/200/446/img/3446200_1.jpg"
"명인일렉트로닉스 엠트루 SATADOM MD935H(8GB),명인일렉트로닉스,산업용,SATA DOM,SATA3(6Gb/s),8GB,MLC(동기식),,,파이슨 PS3109-S9,430MB/s,540MB/s,,,,,,,,29290,http://timg.danawa.com/prod_img/500000/168/710/img/3710168_1.jpg"
"Sandisk  X400(1TB),Sandisk,내장형,2.5형(6.4cm),SATA3(6Gb/s),1TB,TLC(토글),,,마벨 88SS1074-BSW2,최대 520MB/s,최대 545MB/s,,,,,,,,411830,http://timg.danawa.com/prod_img/500000/373/741/img/3741373_1.jpg"
"트랜센드  MTS800 M.2 2280(512GB),트랜센드,내장형,M.2 (2280),SATA3 (6Gb/s),512GB,MLC(동기식),,20 nm,Transcend TS6500,최대 460MB/s,최대 550MB/s,,,,,,,,325130,http://timg.danawa.com/prod_img/500000/582/901/img/2901582_1.jpg"
"삼성전자  CM871a M.2 2280 병행수입(128GB),삼성전자,내장형,,M.2 (2280),,확인 요망,,,,430MB/s,520MB/s,,,,,,,,73700,http://timg.danawa.com/prod_img/500000/582/872/img/4872582_1.jpg"
"파이슨  2.5 SSD S925 디지탈그리고나(256GB, 벌크),파이슨,내장형,,2.5형(6.4cm),,MLC(동기식),,,파이슨 PS3109-S9,495MB/s,550MB/s,,,,,,,,129730,http://timg.danawa.com/prod_img/500000/048/941/img/3941048_1.jpg"
"ADATA  Premier SP550 M.2 2280(480GB),ADATA,내장형,M.2 (2280),SATA3 (6Gb/s),480GB,TLC(토글),,,실리콘모션,최대 510MB/s,최대 560MB/s,,,,,,,,195620,http://timg.danawa.com/prod_img/500000/413/383/img/4383413_1.jpg"
"명인일렉트로닉스 엠트루 SATADOM MD935H(32GB),명인일렉트로닉스,산업용,SATA DOM,SATA3(6Gb/s),32GB,MLC(동기식),,,파이슨 PS3109-S9,430MB/s,540MB/s,,,,,,,,38910,http://timg.danawa.com/prod_img/500000/358/710/img/3710358_1.jpg"
"ADATA  3.5 변환 SSD 가이드,ADATA,SSD 주변기기,플라스틱,,,,,,,,,,,,,,,,1950,http://timg.danawa.com/prod_img/500000/052/628/img/2628052_1.jpg"
"트랜센드  MTS800 M.2 2280(256GB),트랜센드,내장형,M.2 (2280),SATA3 (6Gb/s),256GB,MLC(동기식),,20 nm,Transcend TS6500,최대 320MB/s,최대 550MB/s,,,,,,,,169610,http://timg.danawa.com/prod_img/500000/961/813/img/2813961_1.jpg"
"인텔  540s(480GB),인텔,내장형,2.5형(6.4cm),SATA3 (6Gb/s),480GB,TLC(토글),,,,최대 480MB/s,최대 560MB/s,,O,,,,,,258390,http://timg.danawa.com/prod_img/500000/581/968/img/3968581_1.jpg"
"PHINOCOM  P90S EVO(128GB),PHINOCOM,내장형,2.5형(6.4cm),SATA3 (6Gb/s),128GB,TLC,,,파이슨 PS3111-S11,최대 500MB/s,최대 555MB/s,,,,,,,,69690,http://timg.danawa.com/prod_img/500000/151/243/img/4243151_1.jpg"
"삼성전자  PM871 M.2 2280 병행수입(512GB),삼성전자,내장형,,M.2 (2280),,,,,,510MB/s,540MB/s,,,,,,,,217800,http://timg.danawa.com/prod_img/500000/780/611/img/3611780_1.jpg"
"트랜센드  SSD230S(512GB),트랜센드,내장형,,SATA3 (6Gb/s),512GB,TLC(기타),3D낸드,,,최대 520MB/s,최대 560MB/s,,,,,,,,234100,http://timg.danawa.com/prod_img/500000/561/825/img/4825561_1.jpg"
"마이크론 Crucial MX300 병행수입(275GB),마이크론,내장형,,2.5형(6.4cm),,TLC(기타),3D낸드,,마벨 88SS1074,최대 500MB/s,최대 530MB/s,,,,,,,,127060,http://timg.danawa.com/prod_img/500000/861/088/img/5088861_1.jpg"
"갤럭시 GALAX 2.5형 SSD 변환가이드,갤럭시,SSD 주변기기,플라스틱,,,,,,,,,,,,,,,,1320,http://timg.danawa.com/prod_img/500000/227/111/img/5111227_1.jpg"
"Sandisk  X400 M.2 2280(512GB),Sandisk,내장형,M.2 (2280),SATA3 (6Gb/s),512GB,TLC(토글),,,마벨88SS1074-BSW2,최대 520MB/s,최대 540MB/s,,,,,,,,220000,http://timg.danawa.com/prod_img/500000/976/812/img/3812976_1.jpg"
"트랜센드  M.2 SSD 외장 케이스 (TS-CM42)(하드미포함),트랜센드,SSD 주변기기,,M.2 (2242),,,,,,,,O,,,,,,,31430,http://timg.danawa.com/prod_img/500000/358/837/img/4837358_1.jpg"
"트랜센드  MSA370 mSATA(64GB),트랜센드,내장형,Mini SATA(mSATA),SATA3 (6Gb/s),64GB,MLC(동기식),,20 nm,Transcend TS6500,80MB/s,520MB/s,,,,,,,,54140,http://timg.danawa.com/prod_img/500000/718/813/img/2813718_1.jpg"
"트랜센드  MSA370 mSATA(128GB),트랜센드,내장형,Mini SATA(mSATA),SATA3 (6Gb/s),128GB,MLC(동기식),,20 nm,Transcend TS6500,160MB/s,560MB/s,,,,,,,,91670,http://timg.danawa.com/prod_img/500000/737/813/img/2813737_1.jpg"
"트랜센드  MTS400 Series(256GB),트랜센드,내장형,M.2 (2242),SATA3 (6Gb/s),256GB,MLC(동기식),,16 nm,Transcend TS6500,320MB/s,560MB/s,,,,,,,,172080,http://timg.danawa.com/prod_img/500000/582/760/img/2760582_1.jpg"
"트랜센드  MTS820 M.2 2280(240GB),트랜센드,내장형,M.2 (2280),SATA3 (6Gb/s),240GB,TLC(토글),,,실리콘모션 SM2256KAB,최대 450MB/s,최대 550MB/s,,,,,,,,122470,http://timg.danawa.com/prod_img/500000/004/413/img/4413004_1.jpg"
"명인일렉트로닉스 엠트루 Half Slim SSD MH915(16GB),명인일렉트로닉스,산업용,Half Slim,SATA3(6Gb/s),16GB,MLC(동기식),,,파이슨 PS3109-S9,430MB/s,530MB/s,,,,,,,,34140,http://timg.danawa.com/prod_img/500000/187/710/img/3710187_1.jpg"
"트랜센드  SSD 설치 키트 (TS-CK3),트랜센드,SSD 주변기기,,2.5형(6.4cm),,,,,,,,,,,,,,,21130,http://timg.danawa.com/prod_img/500000/467/856/img/4856467_1.jpg"
"삼성전자  850 PRO 병행수입(1TB),삼성전자,내장형,,2.5형(6.4cm),,,3D낸드,,삼성 3-CORE MEX,최대 520MB/s,최대 550MB/s,,,,,,,,623170,http://timg.danawa.com/prod_img/500000/851/826/img/2826851_1.jpg"
"BIWIN  mSATA SSD M6210(16GB),BIWIN,산업용,Mini SATA(mSATA),SATA2(3Gb/s),16GB,MLC(기타),,,기타,,,,,,,,,,38150,http://timg.danawa.com/prod_img/500000/291/133/img/2133291_1.jpg"
