"삼성전자  DDR4 8G PC4-19200(정품),삼성전자,DDR4,PC용,1ea,미포함,8GB,2400MHz,,77240,http://timg.danawa.com/prod_img/500000/051/343/img/4343051_1.jpg"
"삼성전자  DDR4 8G PC4-17000(정품),삼성전자,DDR4,PC용,1ea,미포함,8GB,2133MHz,,76860,http://timg.danawa.com/prod_img/500000/268/879/img/2879268_1.jpg"
"ESSENCORE KLEVV DDR4 8G PC4-19200 CL15,ESSENCORE,DDR4,PC용,1ea,미포함,8GB,2400MHz,1.20V,78890,http://timg.danawa.com/prod_img/500000/512/076/img/5076512_1.jpg"
"G.SKILL  DDR4 16G PC4-24000 CL16 TRIDENT Z RGB (8Gx2),G.SKILL,DDR4,PC용,2ea,포함,16GB,3000MHz,1.35V,228990,http://timg.danawa.com/prod_img/500000/077/023/img/5023077_1.jpg"
"삼성전자  DDR4 4G PC4-17000(정품),삼성전자,DDR4,PC용,1ea,미포함,4GB,2133MHz,,38130,http://timg.danawa.com/prod_img/500000/068/871/img/2871068_1.jpg"
"삼성전자  DDR3 8G PC3-12800(정품),삼성전자,DDR3,PC용,1ea,미포함,8GB,1600MHz,,69030,http://timg.danawa.com/prod_img/500000/146/692/img/1692146_1.jpg"
"CORSAIR  DDR4 16GB PC4-24000 CL15 VENGEANCE RGB (8Gx2),CORSAIR,DDR4,PC용,2ea,포함,16GB,3000MHz,1.35V,235560,http://timg.danawa.com/prod_img/500000/720/041/img/5041720_1.jpg"
"타무즈  DDR4 8G PC4-19200 CL17,타무즈,DDR4,PC용,1ea,미포함,8GB,2400MHz,1.20V,66830,http://timg.danawa.com/prod_img/500000/440/093/img/5093440_1.jpg"
"삼성전자  DDR3 4G PC3-12800(정품),삼성전자,DDR3,PC용,1ea,미포함,4GB,1600MHz,1.50V,38900,http://timg.danawa.com/prod_img/500000/396/304/img/1304396_1.jpg"
"타무즈  DDR4 8G PC4-17000 CL15,타무즈,DDR4,PC용,1ea,미포함,8GB,2133MHz,1.20V,66290,http://timg.danawa.com/prod_img/500000/099/525/img/4525099_1.jpg"
"GeIL  DDR4 8G PC4-17000 CL15 PRISTINE,GeIL,DDR4,PC용,1ea,미포함,8GB,2133MHz,1.20V,67320,http://timg.danawa.com/prod_img/500000/570/971/img/3971570_1.jpg"
"삼성전자  DDR4 16G PC4-19200(정품),삼성전자,DDR4,PC용,1ea,미포함,16GB,2400MHz,,163250,http://timg.danawa.com/prod_img/500000/874/519/img/4519874_1.jpg"
"G.SKILL  DDR4 16G PC4-19200 CL15 TRIDENT Z RGB (8Gx2),G.SKILL,DDR4,PC용,2ea,포함,16GB,2400MHz,1.20V,218580,http://timg.danawa.com/prod_img/500000/916/904/img/4904916_1.jpg"
"GeIL  DDR4 8G PC4-19200 CL16 EVO-X 화이트 RGB,GeIL,DDR4,PC용,1ea,포함,8GB,2400MHz,1.20V,98380,http://timg.danawa.com/prod_img/500000/989/988/img/4988989_1.jpg"
"GeIL  DDR4 16G PC4-24000 CL15 EVO-X RGB (8Gx2),GeIL,DDR4,PC용,2ea,포함,16GB,3000MHz,1.35V,192620,http://timg.danawa.com/prod_img/500000/438/541/img/4541438_1.jpg"
"G.SKILL  DDR4 16G PC4-25600 CL16 TRIDENT Z RGB (8Gx2),G.SKILL,DDR4,PC용,2ea,포함,16GB,3200MHz,1.35V,260220,http://timg.danawa.com/prod_img/500000/070/905/img/4905070_1.jpg"
"G.SKILL  DDR4 32G PC4-19200 CL15 TRIDENT Z RGB (8Gx4),G.SKILL,DDR4,PC용,4ea,포함,32GB,2400MHz,1.20V,437160,http://timg.danawa.com/prod_img/500000/293/905/img/4905293_1.jpg"
"G.SKILL  DDR4 16G PC4-24000 CL15 TRIDENT Z RGB (8Gx2),G.SKILL,DDR4,PC용,2ea,포함,16GB,3000MHz,1.35V,249810,http://timg.danawa.com/prod_img/500000/994/904/img/4904994_1.jpg"
"GeIL  DDR4 8G PC4-19200 CL16 PRISTINE,GeIL,DDR4,PC용,1ea,미포함,8GB,2400MHz,1.20V,67270,http://timg.danawa.com/prod_img/500000/633/971/img/3971633_1.jpg"
"G.SKILL  DDR4 32G PC4-25600 CL16 TRIDENT Z (16Gx2),G.SKILL,DDR4,PC용,2ea,포함,32GB,3200MHz,1.35V,415360,http://timg.danawa.com/prod_img/500000/286/717/img/3717286_1.jpg"
"G.SKILL  DDR4 16G PC4-24000 CL14 TRIDENT Z RGB (8Gx2),G.SKILL,DDR4,PC용,2ea,포함,16GB,3000MHz,1.35V,330940,http://timg.danawa.com/prod_img/500000/963/904/img/4904963_1.jpg"
"G.SKILL  DDR4 16G PC4-25600 CL16 TRIDENT Z (8Gx2),G.SKILL,DDR4,PC용,2ea,포함,16GB,3200MHz,1.35V,223840,http://timg.danawa.com/prod_img/500000/724/439/img/3439724_1.jpg"
"TeamGroup  DDR4 8G PC4-17000 New Elite Plus Black Gold,TeamGroup,DDR4,PC용,1ea,포함,8GB,2133MHz,1.20V,70120,http://timg.danawa.com/prod_img/500000/210/569/img/4569210_1.jpg"
"G.SKILL  DDR4 32G PC4-25600 CL16 TRIDENT Z RGB (8Gx4),G.SKILL,DDR4,PC용,4ea,포함,32GB,3200MHz,1.35V,520430,http://timg.danawa.com/prod_img/500000/325/905/img/4905325_1.jpg"
"GeIL  DDR4 8G PC4-17000 CL15 SUPER LUCE WHITE 화이트,GeIL,DDR4,PC용,1ea,포함,8GB,2133MHz,1.20V,81850,http://timg.danawa.com/prod_img/500000/758/982/img/3982758_1.jpg"
"ESSENCORE KLEVV DDR3 8G PC3-19200 CL11 URBANE (4Gx2),ESSENCORE,DDR3,PC용,2ea,포함,8GB,2400MHz,1.65V,78010,http://timg.danawa.com/prod_img/500000/428/355/img/3355428_1.jpg"
"G.SKILL  DDR4 16G PC4-25600 CL16 TRIDENT ZKW (8Gx2),G.SKILL,DDR4,PC용,2ea,포함,16GB,3200MHz,1.35V,227150,http://timg.danawa.com/prod_img/500000/107/589/img/4589107_1.jpg"
"G.SKILL  DDR4 8G PC4-21300 CL15 RIPJAWS V VR,G.SKILL,DDR4,PC용,1ea,포함,8GB,2666MHz,1.20V,89510,http://timg.danawa.com/prod_img/500000/662/564/img/4564662_1.jpg"
"G.SKILL  DDR4 32G PC4-25600 CL16 TRIDENT ZSK (16Gx2),G.SKILL,DDR4,PC용,2ea,포함,32GB,3200MHz,1.35V,415360,http://timg.danawa.com/prod_img/500000/425/589/img/4589425_1.jpg"
"G.SKILL  DDR4 32G PC4-25600 CL16 TRIDENT ZKY (16Gx2),G.SKILL,DDR4,PC용,2ea,포함,32GB,3200MHz,1.35V,416230,http://timg.danawa.com/prod_img/500000/402/589/img/4589402_1.jpg"
"G.SKILL  DDR4 16G PC4-25600 CL16 TRIDENT ZSK (8Gx2),G.SKILL,DDR4,PC용,2ea,포함,16GB,3200MHz,1.35V,224550,http://timg.danawa.com/prod_img/500000/170/589/img/4589170_1.jpg"
"ESSENCORE KLEVV DDR4 16G PC4-17000 CL15 CRAS RED (4Gx4),ESSENCORE,DDR4,PC용,4ea,포함,16GB,2133MHz,1.20V,191740,http://timg.danawa.com/prod_img/500000/081/354/img/3354081_1.jpg"
"GeIL  DDR4 8G PC4-17000 CL15 EVO-X 화이트 RGB,GeIL,DDR4,PC용,1ea,포함,8GB,2133MHz,1.20V,92140,http://timg.danawa.com/prod_img/500000/939/988/img/4988939_1.jpg"
"G.SKILL  DDR4 16G PC4-25600 CL14 TRIDENT Z RGB (8Gx2),G.SKILL,DDR4,PC용,2ea,포함,16GB,3200MHz,1.35V,333080,http://timg.danawa.com/prod_img/500000/041/905/img/4905041_1.jpg"
"마이크론 Crucial DDR4 8G PC4-17000,마이크론,DDR4,PC용,1ea,미포함,8GB,2133MHz,1.20V,67380,http://timg.danawa.com/prod_img/500000/607/796/img/2796607_1.jpg"
"GeIL  DDR4 16G PC4-25600 CL16 EVO-X RGB (8Gx2),GeIL,DDR4,PC용,2ea,포함,16GB,3200MHz,1.35V,204010,http://timg.danawa.com/prod_img/500000/481/541/img/4541481_1.jpg"
"CORSAIR  DDR4 32GB PC4-24000 CL15 VENGEANCE RGB (8Gx4),CORSAIR,DDR4,PC용,4ea,포함,32GB,3000MHz,1.35V,470030,http://timg.danawa.com/prod_img/500000/745/041/img/5041745_1.jpg"
"GeIL  DDR4 16G PC4-24000 CL15 EVO-X 화이트 RGB (8Gx2),GeIL,DDR4,PC용,2ea,포함,16GB,3000MHz,1.35V,197760,http://timg.danawa.com/prod_img/500000/108/989/img/4989108_1.jpg"
"G.SKILL  DDR4 32G PC4-25600 CL16 TRIDENT ZKW (16Gx2),G.SKILL,DDR4,PC용,2ea,포함,32GB,3200MHz,1.35V,415360,http://timg.danawa.com/prod_img/500000/367/589/img/4589367_1.jpg"
"G.SKILL  DDR4 16G PC4-25600 CL16 RIPJAWS V VR (8Gx2),G.SKILL,DDR4,PC용,2ea,포함,16GB,3200MHz,1.35V,238960,http://timg.danawa.com/prod_img/500000/631/571/img/4571631_1.jpg"
"GeIL  DDR4 8G PC4-19200 CL16 EVO-X RGB,GeIL,DDR4,PC용,1ea,포함,8GB,2400MHz,1.20V,91160,http://timg.danawa.com/prod_img/500000/916/540/img/4540916_1.jpg"
"G.SKILL  DDR4 8G PC4-17000 CL15 AEGIS,G.SKILL,DDR4,PC용,1ea,미포함,8GB,2133MHz,1.20V,76040,http://timg.danawa.com/prod_img/500000/648/792/img/3792648_1.jpg"
"G.SKILL  DDR4 32G PC4-27700 CL16 TRIDENT Z RGB (8Gx4),G.SKILL,DDR4,PC용,4ea,포함,32GB,3466MHz,1.35V,676000,http://timg.danawa.com/prod_img/500000/359/905/img/4905359_1.jpg"
"G.SKILL  DDR4 32G PC4-30900 CL18 TRIDENT Z RGB (8Gx4),G.SKILL,DDR4,PC용,4ea,포함,32GB,3866MHz,1.35V,839050,http://timg.danawa.com/prod_img/500000/429/905/img/4905429_1.jpg"
"G.SKILL  DDR4 32G PC4-25600 CL16 TRIDENT ZSW (16Gx2),G.SKILL,DDR4,PC용,2ea,포함,32GB,3200MHz,1.35V,428750,http://timg.danawa.com/prod_img/500000/455/589/img/4589455_1.jpg"
"타무즈  노트북 DDR3 8G PC3-12800 CL11 1.35V,타무즈,DDR3,노트북용,1ea,미포함,8GB,1600MHz,1.35V,62450,http://timg.danawa.com/prod_img/500000/088/215/img/5215088_1.jpg"
"GeIL  DDR4 16G PC4-19200 CL16 EVO-X 화이트 RGB (16Gx1),GeIL,DDR4,PC용,1ea,포함,16GB,2400MHz,1.20V,163580,http://timg.danawa.com/prod_img/500000/094/989/img/4989094_1.jpg"
"ESSENCORE KLEVV DDR3 8G PC3-12800 CL9 FIT,ESSENCORE,DDR3,PC용,1ea,포함,8GB,1600MHz,1.50V,56210,http://timg.danawa.com/prod_img/500000/068/055/img/5055068_1.jpg"
"G.SKILL  DDR4 8G PC4-19200 CL15 AEGIS,G.SKILL,DDR4,PC용,1ea,미포함,8GB,2400MHz,1.20V,78100,http://timg.danawa.com/prod_img/500000/970/875/img/3875970_1.jpg"
"G.SKILL  DDR4 32G PC4-25600 CL14 TRIDENT Z RGB (16Gx2),G.SKILL,DDR4,PC용,2ea,포함,32GB,3200MHz,1.35V,593800,http://timg.danawa.com/prod_img/500000/116/131/img/5131116_1.jpg"
"G.SKILL  DDR4 8G PC4-17000 CL15 RIPJAWS V VR,G.SKILL,DDR4,PC용,1ea,포함,8GB,2133MHz,1.20V,83270,http://timg.danawa.com/prod_img/500000/109/561/img/4561109_1.jpg"
"GeIL  DDR4 4G PC4-19200 CL16 PRISTINE,GeIL,DDR4,PC용,1ea,미포함,4GB,2400MHz,1.20V,36270,http://timg.danawa.com/prod_img/500000/600/971/img/3971600_1.jpg"
"마이크론 Crucial DDR4 4G PC4-17000,마이크론,DDR4,PC용,1ea,미포함,4GB,2133MHz,1.20V,34510,http://timg.danawa.com/prod_img/500000/606/796/img/2796606_1.jpg"
"G.SKILL  DDR4 16G PC4-33000 CL19 TRIDENT Z RGB (8Gx2),G.SKILL,DDR4,PC용,2ea,포함,16GB,4133MHz,1.35V,429700,http://timg.danawa.com/prod_img/500000/242/905/img/4905242_1.jpg"
"GeIL  DDR4 8G PC4-17000 CL15 EVO-X RGB,GeIL,DDR4,PC용,1ea,포함,8GB,2133MHz,1.20V,89080,http://timg.danawa.com/prod_img/500000/896/540/img/4540896_1.jpg"
"G.SKILL  DDR4 32G PC4-25600 CL15 TRIDENT Z RGB (16Gx2),G.SKILL,DDR4,PC용,2ea,포함,32GB,3200MHz,1.35V,572480,http://timg.danawa.com/prod_img/500000/137/131/img/5131137_1.jpg"
"GeIL  DDR4 16G PC4-19200 CL15 SUPER LUCE WHITE 화이트 (8Gx2),GeIL,DDR4,PC용,2ea,포함,16GB,2400MHz,1.20V,181220,http://timg.danawa.com/prod_img/500000/810/784/img/3784810_1.jpg"
"GeIL  DDR4 8G PC4-19200 CL15 SUPER LUCE WHITE 화이트 (4Gx2),GeIL,DDR4,PC용,2ea,포함,8GB,2400MHz,1.20V,102550,http://timg.danawa.com/prod_img/500000/766/784/img/3784766_1.jpg"
"GeIL  DDR4 16G PC4-19200 CL16 PRISTINE,GeIL,DDR4,PC용,1ea,미포함,16GB,2400MHz,1.20V,130490,http://timg.danawa.com/prod_img/500000/664/971/img/3971664_1.jpg"
"TeamGroup  DDR4 16G PC4-19200 Elite,TeamGroup,DDR4,PC용,1ea,미포함,16GB,2400MHz,1.20V,138050,http://timg.danawa.com/prod_img/500000/485/121/img/4121485_1.jpg"
"TeamGroup T-Force DDR4 32G PC4-25600 CL16 Night Hawk Red (16Gx2),TeamGroup,DDR4,PC용,2ea,포함,32GB,3200MHz,1.35V,371430,http://timg.danawa.com/prod_img/500000/846/720/img/4720846_1.jpg"
"G.SKILL  DDR4 16G PC4-32000 CL19 TRIDENT Z (8Gx2),G.SKILL,DDR4,PC용,2ea,포함,16GB,4000MHz,1.35V,371110,http://timg.danawa.com/prod_img/500000/462/591/img/4591462_1.jpg"
"GeIL  DDR4 16G PC4-19200 CL15 SUPER LUCE BLACK 레드 (8Gx2),GeIL,DDR4,PC용,2ea,포함,16GB,2400MHz,1.20V,178040,http://timg.danawa.com/prod_img/500000/283/783/img/3783283_1.jpg"
"GeIL  DDR4 8G PC4-19200 CL15 SUPER LUCE BLACK 화이트 (4Gx2),GeIL,DDR4,PC용,2ea,포함,8GB,2400MHz,1.20V,97290,http://timg.danawa.com/prod_img/500000/616/783/img/3783616_1.jpg"
"GeIL  DDR4 16G PC4-17000 CL15 EVO-X 화이트 RGB (16Gx1),GeIL,DDR4,PC용,1ea,포함,16GB,2133MHz,1.20V,158430,http://timg.danawa.com/prod_img/500000/043/989/img/4989043_1.jpg"
"TeamGroup T-Force DDR4 16G PC4-21300 CL15 Night Hawk Red (8Gx2),TeamGroup,DDR4,PC용,2ea,포함,16GB,2666MHz,1.20V,178010,http://timg.danawa.com/prod_img/500000/704/720/img/4720704_1.jpg"
"타무즈  노트북 DDR4 8G PC4-17000 CL15,타무즈,DDR4,노트북용,1ea,미포함,8GB,2133MHz,1.20V,65520,http://timg.danawa.com/prod_img/500000/081/546/img/4546081_1.jpg"
"G.SKILL  DDR4 8G PC4-19200 CL15 RIPJAWS V VS,G.SKILL,DDR4,PC용,1ea,포함,8GB,2400MHz,1.20V,89960,http://timg.danawa.com/prod_img/500000/266/564/img/4564266_1.jpg"
"ESSENCORE KLEVV DDR3 8G PC3-12800 CL9 FIT Faker Edition (4Gx2),ESSENCORE,DDR3,PC용,2ea,포함,8GB,1600MHz,1.50V,61360,http://timg.danawa.com/prod_img/500000/628/409/img/3409628_1.jpg"
"G.SKILL  DDR4 32G PC4-19200 CL15 TRIDENT Z RGB (16Gx2),G.SKILL,DDR4,PC용,2ea,포함,32GB,2400MHz,1.20V,395530,http://timg.danawa.com/prod_img/500000/054/131/img/5131054_1.jpg"
"G.SKILL  DDR4 32G PC4-24000 CL14 TRIDENT Z RGB (16Gx2),G.SKILL,DDR4,PC용,2ea,포함,32GB,3000MHz,1.35V,541250,http://timg.danawa.com/prod_img/500000/082/131/img/5131082_1.jpg"
"G.SKILL  DDR4 32G PC4-26600 CL16 TRIDENT Z RGB (16Gx2),G.SKILL,DDR4,PC용,2ea,포함,32GB,3333MHz,1.35V,592510,http://timg.danawa.com/prod_img/500000/154/131/img/5131154_1.jpg"
"TeamGroup T-Force DDR4 16G PC4-21300 CL15 VULCAN Red (8Gx2),TeamGroup,DDR4,PC용,2ea,포함,16GB,2666MHz,1.20V,153390,http://timg.danawa.com/prod_img/500000/567/596/img/4596567_1.jpg"
"GeIL  DDR4 16G PC4-24000 CL16 SUPER LUCE WHITE 화이트 (8Gx2),GeIL,DDR4,PC용,2ea,포함,16GB,3000MHz,1.35V,199160,http://timg.danawa.com/prod_img/500000/825/784/img/3784825_1.jpg"
"G.SKILL  DDR4 16G PC4-19200 CL15 AEGIS,G.SKILL,DDR4,PC용,1ea,미포함,16GB,2400MHz,1.20V,152150,http://timg.danawa.com/prod_img/500000/819/910/img/3910819_1.jpg"
"G.SKILL  DDR4 8G PC4-17000 CL15 RIPJAWS V VS,G.SKILL,DDR4,PC용,1ea,포함,8GB,2133MHz,1.20V,85350,http://timg.danawa.com/prod_img/500000/328/561/img/4561328_1.jpg"
"GeIL  DDR4 8G PC4-17000 CL15 SUPER LUCE BLACK 블루,GeIL,DDR4,PC용,1ea,포함,8GB,2133MHz,1.20V,80750,http://timg.danawa.com/prod_img/500000/014/980/img/3980014_1.jpg"
"GeIL  DDR4 16G PC4-19200 CL16 EVO-X RGB,GeIL,DDR4,PC용,1ea,포함,16GB,2400MHz,1.20V,160510,http://timg.danawa.com/prod_img/500000/967/540/img/4540967_1.jpg"
"AVEXIR  DDR4 16G PC4-24000 CL16 RAIDEN TESLA 그린 (8Gx2),AVEXIR,DDR4,PC용,2ea,포함,16GB,3000MHz,1.20V,284650,http://timg.danawa.com/prod_img/500000/196/481/img/4481196_1.jpg"
"GeIL  DDR4 4G PC4-17000 CL15 SUPER LUCE BLACK 레드,GeIL,DDR4,PC용,1ea,포함,4GB,2133MHz,1.20V,49740,http://timg.danawa.com/prod_img/500000/085/980/img/3980085_1.jpg"
"G.SKILL  DDR4 16G PC4-25600 CL14 FLARE X 블랙 DUAL (8Gx2),G.SKILL,DDR4,PC용,2ea,포함,16GB,3200MHz,1.35V,291440,http://timg.danawa.com/prod_img/500000/193/107/img/5107193_1.jpg"
"TeamGroup T-Force DDR4 16G PC4-24000 CL16 DARK Gray (8Gx2),TeamGroup,DDR4,PC용,2ea,포함,16GB,3000MHz,1.35V,174210,http://timg.danawa.com/prod_img/500000/213/596/img/4596213_1.jpg"
"GeIL  DDR4 4G PC4-19200 CL16 EVO-X 화이트 RGB (4Gx1),GeIL,DDR4,PC용,1ea,포함,4GB,2400MHz,1.20V,53120,http://timg.danawa.com/prod_img/500000/784/988/img/4988784_1.jpg"
"G.SKILL  DDR4 8G PC4-17000 CL15 RIPJAWS V VB,G.SKILL,DDR4,PC용,1ea,포함,8GB,2133MHz,1.20V,83270,http://timg.danawa.com/prod_img/500000/026/561/img/4561026_1.jpg"
"G.SKILL  DDR4 16G PC4-28800 CL17 TRIDENT ZSW (8Gx2),G.SKILL,DDR4,PC용,2ea,포함,16GB,3600MHz,1.35V,295310,http://timg.danawa.com/prod_img/500000/262/593/img/4593262_1.jpg"
"TeamGroup  DDR4 8G PC4-19200 Elite,TeamGroup,DDR4,PC용,1ea,미포함,8GB,2400MHz,1.20V,69570,http://timg.danawa.com/prod_img/500000/698/007/img/3007698_1.jpg"
"G.SKILL  DDR4 16G PC4-32000 CL19 TRIDENT ZSW (8Gx2),G.SKILL,DDR4,PC용,2ea,포함,16GB,4000MHz,1.35V,361790,http://timg.danawa.com/prod_img/500000/556/591/img/4591556_1.jpg"
"TeamGroup  DDR4 4G PC4-19200 Elite,TeamGroup,DDR4,PC용,1ea,미포함,4GB,2400MHz,1.20V,36700,http://timg.danawa.com/prod_img/500000/590/007/img/3007590_1.jpg"
"ESSENCORE KLEVV DDR3 16G PC3-17000 CL10 URBANE (8Gx2),ESSENCORE,DDR3,PC용,2ea,포함,16GB,2133MHz,1.60V,116580,http://timg.danawa.com/prod_img/500000/118/152/img/4152118_1.jpg"
"G.SKILL  DDR4 8G PC4-19200 CL15 RIPJAWS V VB,G.SKILL,DDR4,PC용,1ea,포함,8GB,2400MHz,1.20V,87430,http://timg.danawa.com/prod_img/500000/167/564/img/4564167_1.jpg"
"TeamGroup T-Force DDR4 16G PC4-24000 CL16 Night Hawk Red (8Gx2),TeamGroup,DDR4,PC용,2ea,포함,16GB,3000MHz,1.35V,185160,http://timg.danawa.com/prod_img/500000/753/720/img/4720753_1.jpg"
"CORSAIR  DDR4 16G PC4-25600 CL16 VENGEANCE LED 화이트 (8Gx2),CORSAIR,DDR4,PC용,2ea,포함,16GB,3200MHz,1.35V,233730,http://timg.danawa.com/prod_img/500000/763/220/img/4220763_1.jpg"
"G.SKILL  DDR4 16G PC4-27700 CL16 TRIDENT Z RGB (8Gx2),G.SKILL,DDR4,PC용,2ea,포함,16GB,3466MHz,1.35V,325370,http://timg.danawa.com/prod_img/500000/099/905/img/4905099_1.jpg"
"G.SKILL  DDR4 16G PC4-28800 CL17 TRIDENT Z RGB (8Gx2),G.SKILL,DDR4,PC용,2ea,포함,16GB,3600MHz,1.35V,334600,http://timg.danawa.com/prod_img/500000/177/905/img/4905177_1.jpg"
"CORSAIR  DDR4 16GB PC4-25600 CL16 VENGEANCE RGB (8Gx2),CORSAIR,DDR4,PC용,2ea,포함,16GB,3200MHz,1.35V,256380,http://timg.danawa.com/prod_img/500000/011/151/img/5151011_1.jpg"
"GeIL  DDR4 4G PC4-19200 CL16 EVO-X RGB,GeIL,DDR4,PC용,1ea,포함,4GB,2400MHz,1.20V,50730,http://timg.danawa.com/prod_img/500000/865/540/img/4540865_1.jpg"
"GeIL  DDR4 16G PC4-17000 CL15 SUPER LUCE WHITE 화이트,GeIL,DDR4,PC용,1ea,포함,16GB,2133MHz,1.20V,152190,http://timg.danawa.com/prod_img/500000/831/982/img/3982831_1.jpg"
"삼성전자  DDR4 16G PC4-17000(정품),삼성전자,DDR4,PC용,1ea,미포함,16GB,2133MHz,,153940,http://timg.danawa.com/prod_img/500000/535/493/img/3493535_1.jpg"
"G.SKILL  DDR4 16G PC4-32000 CL19 TRIDENT ZKW (8Gx2),G.SKILL,DDR4,PC용,2ea,포함,16GB,4000MHz,1.35V,366630,http://timg.danawa.com/prod_img/500000/523/591/img/4591523_1.jpg"
"GeIL  DDR4 4G PC4-17000 CL15 SUPER LUCE WHITE 화이트,GeIL,DDR4,PC용,1ea,포함,4GB,2133MHz,1.20V,49740,http://timg.danawa.com/prod_img/500000/505/982/img/3982505_1.jpg"
"G.SKILL  DDR4 16G PC4-28800 CL16 TRIDENT Z RGB (8Gx2),G.SKILL,DDR4,PC용,2ea,포함,16GB,3600MHz,1.35V,364000,http://timg.danawa.com/prod_img/500000/150/905/img/4905150_1.jpg"
"GeIL  DDR4 16G PC4-17000 CL15 SUPER LUCE BLACK 블루,GeIL,DDR4,PC용,1ea,포함,16GB,2133MHz,1.20V,152190,http://timg.danawa.com/prod_img/500000/047/980/img/3980047_1.jpg"
"G.SKILL  DDR4 32G PC4-24000 CL15 TRIDENT Z (16Gx2),G.SKILL,DDR4,PC용,2ea,포함,32GB,3000MHz,1.35V,415360,http://timg.danawa.com/prod_img/500000/806/500/img/3500806_1.jpg"
"G.SKILL  DDR4 8G PC4-21300 CL15 RIPJAWS V VB,G.SKILL,DDR4,PC용,1ea,포함,8GB,2666MHz,1.20V,92260,http://timg.danawa.com/prod_img/500000/636/564/img/4564636_1.jpg"
"G.SKILL  DDR4 32G PC4-27700 CL16 TRIDENT Z RGB (16Gx2),G.SKILL,DDR4,PC용,2ea,포함,32GB,3466MHz,1.35V,606730,http://timg.danawa.com/prod_img/500000/175/131/img/5131175_1.jpg"
"GeIL  DDR4 8G PC4-19200 CL15 SUPER LUCE WHITE 블루 (4Gx2),GeIL,DDR4,PC용,2ea,포함,8GB,2400MHz,1.20V,102550,http://timg.danawa.com/prod_img/500000/143/784/img/3784143_1.jpg"
"ESSENCORE KLEVV DDR3 8G PC3-17000 CL10 NEO (4Gx2),ESSENCORE,DDR3,PC용,2ea,포함,8GB,2133MHz,1.60V,74940,http://timg.danawa.com/prod_img/500000/532/151/img/4151532_1.jpg"
"G.SKILL  DDR4 8G PC4-17000 CL15 NT,G.SKILL,DDR4,PC용,1ea,미포함,8GB,2133MHz,1.20V,71870,http://timg.danawa.com/prod_img/500000/108/853/img/4853108_1.jpg"
"GeIL  DDR4 4G PC4-17000 CL15 SUPER LUCE WHITE 블루,GeIL,DDR4,PC용,1ea,포함,4GB,2133MHz,1.20V,51200,http://timg.danawa.com/prod_img/500000/451/982/img/3982451_1.jpg"
"G.SKILL  DDR4 16G PC4-30900 CL18 TRIDENT Z RGB (8Gx2),G.SKILL,DDR4,PC용,2ea,포함,16GB,3866MHz,1.35V,419480,http://timg.danawa.com/prod_img/500000/198/905/img/4905198_1.jpg"
"G.SKILL  DDR4 16G PC4-19200 CL16 FLARE X DUAL (8Gx2),G.SKILL,DDR4,PC용,2ea,포함,16GB,2400MHz,1.20V,182210,http://timg.danawa.com/prod_img/500000/033/063/img/5063033_1.jpg"
"G.SKILL  DDR4 4G PC4-19200 CL15 AEGIS,G.SKILL,DDR4,PC용,1ea,미포함,4GB,2400MHz,1.20V,43170,http://timg.danawa.com/prod_img/500000/919/875/img/3875919_1.jpg"
"G.SKILL  DDR4 16G PC4-25600 CL16 RIPJAWS V VK,G.SKILL,DDR4,PC용,1ea,포함,16GB,3200MHz,1.35V,200450,http://timg.danawa.com/prod_img/500000/593/571/img/4571593_1.jpg"
"GeIL  DDR4 32G PC4-24000 CL15 EVO-X 화이트 RGB (16Gx2),GeIL,DDR4,PC용,2ea,포함,32GB,3000MHz,1.35V,383040,http://timg.danawa.com/prod_img/500000/152/989/img/4989152_1.jpg"
"GeIL  DDR4 8G PC4-19200 CL15 SUPER LUCE WHITE 레드 (4Gx2),GeIL,DDR4,PC용,2ea,포함,8GB,2400MHz,1.20V,97290,http://timg.danawa.com/prod_img/500000/614/784/img/3784614_1.jpg"
"TeamGroup T-Force DDR4 16G PC4-21300 CL15 DARK Red (8Gx2),TeamGroup,DDR4,PC용,2ea,포함,16GB,2666MHz,1.20V,162160,http://timg.danawa.com/prod_img/500000/339/596/img/4596339_1.jpg"
"CORSAIR  DDR4 16G PC4-21300 CL16 VENGEANCE LED 화이트 (8Gx2),CORSAIR,DDR4,PC용,2ea,포함,16GB,2666MHz,1.20V,210360,http://timg.danawa.com/prod_img/500000/355/470/img/4470355_1.jpg"
"GeIL  DDR4 16G PC4-17000 CL15 SUPER LUCE BLACK 화이트,GeIL,DDR4,PC용,1ea,포함,16GB,2133MHz,1.20V,152530,http://timg.danawa.com/prod_img/500000/235/980/img/3980235_1.jpg"
"TeamGroup  노트북 DDR4 16G PC4-17000,TeamGroup,DDR4,노트북용,1ea,미포함,16GB,2133MHz,1.20V,136960,http://timg.danawa.com/prod_img/500000/642/082/img/4082642_1.jpg"
"G.SKILL  DDR4 4G PC4-17000 CL15 AEGIS,G.SKILL,DDR4,PC용,1ea,미포함,4GB,2133MHz,1.20V,42730,http://timg.danawa.com/prod_img/500000/647/792/img/3792647_1.jpg"
"CORSAIR  DDR4 16G PC4-21300 CL16 VENGEANCE LED 레드 (8Gx2),CORSAIR,DDR4,PC용,2ea,포함,16GB,2666MHz,1.20V,210360,http://timg.danawa.com/prod_img/500000/367/470/img/4470367_1.jpg"
"G.SKILL  DDR4 32G PC4-19200 CL16 FLARE X DUAL (16Gx2),G.SKILL,DDR4,PC용,2ea,포함,32GB,2400MHz,1.20V,350910,http://timg.danawa.com/prod_img/500000/061/063/img/5063061_1.jpg"
"TeamGroup  DDR4 16G PC4-17000 Elite,TeamGroup,DDR4,PC용,1ea,미포함,16GB,2133MHz,1.20V,135860,http://timg.danawa.com/prod_img/500000/013/010/img/4010013_1.jpg"
"GeIL  DDR4 8G PC4-24000 CL15 EVO-X 화이트 RGB (4Gx2),GeIL,DDR4,PC용,2ea,포함,8GB,3000MHz,1.35V,117020,http://timg.danawa.com/prod_img/500000/024/989/img/4989024_1.jpg"
"GeIL  DDR4 8G PC4-19200 CL15 SUPER LUCE BLACK 블루 (4Gx2),GeIL,DDR4,PC용,2ea,포함,8GB,2400MHz,1.20V,97290,http://timg.danawa.com/prod_img/500000/014/784/img/3784014_1.jpg"
"TeamGroup T-Force DDR4 8G PC4-21300 CL15 VULCAN Red (4Gx2),TeamGroup,DDR4,PC용,2ea,포함,8GB,2666MHz,1.20V,89840,http://timg.danawa.com/prod_img/500000/535/596/img/4596535_1.jpg"
"G.SKILL  DDR4 16G PC4-17000 CL15 AEGIS,G.SKILL,DDR4,PC용,1ea,미포함,16GB,2133MHz,1.20V,151020,http://timg.danawa.com/prod_img/500000/649/792/img/3792649_1.jpg"
"GeIL  DDR4 8G PC4-19200 CL15 SUPER LUCE BLACK 레드 (4Gx2),GeIL,DDR4,PC용,2ea,포함,8GB,2400MHz,1.20V,97290,http://timg.danawa.com/prod_img/500000/183/783/img/3783183_1.jpg"
"GeIL  DDR4 8G PC4-17000 CL15 SUPER LUCE BLACK 레드,GeIL,DDR4,PC용,1ea,포함,8GB,2133MHz,1.20V,80750,http://timg.danawa.com/prod_img/500000/097/980/img/3980097_1.jpg"
"ESSENCORE KLEVV DDR3 4G PC3-17000 CL10 FIT,ESSENCORE,DDR3,PC용,1ea,포함,4GB,2133MHz,1.60V,34360,http://timg.danawa.com/prod_img/500000/127/055/img/5055127_1.jpg"
"G.SKILL  DDR4 16G PC4-34100 CL19 TRIDENT Z RGB (8Gx2),G.SKILL,DDR4,PC용,2ea,포함,16GB,4266MHz,1.40V,462700,http://timg.danawa.com/prod_img/500000/273/905/img/4905273_1.jpg"
"타무즈  DDR4 4G PC4-17000 CL15,타무즈,DDR4,PC용,1ea,미포함,4GB,2133MHz,1.20V,34510,http://timg.danawa.com/prod_img/500000/138/546/img/4546138_1.jpg"
"CORSAIR  DDR4 32G PC4-25600 CL14 VENGEANCE LPX 레드 (8Gx4),CORSAIR,DDR4,PC용,4ea,포함,32GB,3200MHz,1.35V,408680,http://timg.danawa.com/prod_img/500000/556/067/img/4067556_1.jpg"
"GeIL  DDR4 16G PC4-19200 CL15 SUPER LUCE WHITE 그린 (8Gx2),GeIL,DDR4,PC용,2ea,포함,16GB,2400MHz,1.20V,176070,http://timg.danawa.com/prod_img/500000/467/888/img/4888467_1.jpg"
"TeamGroup T-Force DDR4 16G PC4-19200 CL15 DARK Red,TeamGroup,DDR4,PC용,1ea,포함,16GB,2400MHz,1.20V,145570,http://timg.danawa.com/prod_img/500000/934/810/img/4810934_1.jpg"
"TeamGroup  DDR4 8G PC4-19200 New Elite Plus Black Gold,TeamGroup,DDR4,PC용,1ea,포함,8GB,2400MHz,1.20V,71220,http://timg.danawa.com/prod_img/500000/242/569/img/4569242_1.jpg"
"CORSAIR  DDR4 64G PC4-21300 CL15 Dominator Platinum (16Gx4),CORSAIR,DDR4,PC용,4ea,포함,64GB,2666MHz,1.20V,899530,http://timg.danawa.com/prod_img/500000/369/017/img/4017369_1.jpg"
"G.SKILL  DDR4 8G PC4-19200 CL15 RIPJAWS V VR,G.SKILL,DDR4,PC용,1ea,포함,8GB,2400MHz,1.20V,87430,http://timg.danawa.com/prod_img/500000/243/564/img/4564243_1.jpg"
"G.SKILL  DDR4 32G PC4-25600 CL16 TRIDENT ZKO (16Gx2),G.SKILL,DDR4,PC용,2ea,포함,32GB,3200MHz,1.35V,429140,http://timg.danawa.com/prod_img/500000/272/589/img/4589272_1.jpg"
"G.SKILL  DDR4 16G PC4-17000 CL15 RIPJAWS V VR,G.SKILL,DDR4,PC용,1ea,포함,16GB,2133MHz,1.20V,163470,http://timg.danawa.com/prod_img/500000/380/561/img/4561380_1.jpg"
"G.SKILL  DDR4 16G PC4-28800 CL17 TRIDENT ZKW (8Gx2),G.SKILL,DDR4,PC용,2ea,포함,16GB,3600MHz,1.35V,303180,http://timg.danawa.com/prod_img/500000/213/593/img/4593213_1.jpg"
"TeamGroup  DDR3 4G PC3-12800,TeamGroup,DDR3,PC용,1ea,미포함,4GB,1600MHz,1.50V,31910,http://timg.danawa.com/prod_img/500000/877/561/img/1561877_1.jpg"
"마이크론 Crucial DDR4 8G PC4-17000 CT8G4DFS8213,마이크론,DDR4,PC용,1ea,미포함,8GB,2133MHz,1.20V,67380,http://timg.danawa.com/prod_img/500000/730/428/img/4428730_1.jpg"
"GeIL  DDR4 16G PC4-19200 CL15 SUPER LUCE BLACK 화이트 (8Gx2),GeIL,DDR4,PC용,2ea,포함,16GB,2400MHz,1.20V,181590,http://timg.danawa.com/prod_img/500000/666/783/img/3783666_1.jpg"
"GeIL  DDR4 4G PC4-17000 CL15 SUPER LUCE WHITE 레드,GeIL,DDR4,PC용,1ea,포함,4GB,2133MHz,1.20V,49740,http://timg.danawa.com/prod_img/500000/482/982/img/3982482_1.jpg"
"GeIL  DDR4 16G PC4-19200 CL15 SUPER LUCE WHITE 블루 (8Gx2),GeIL,DDR4,PC용,2ea,포함,16GB,2400MHz,1.20V,181220,http://timg.danawa.com/prod_img/500000/483/784/img/3784483_1.jpg"
"G.SKILL  DDR4 16G PC4-25600 CL16 TRIDENT ZKY (8Gx2),G.SKILL,DDR4,PC용,2ea,포함,16GB,3200MHz,1.35V,230740,http://timg.danawa.com/prod_img/500000/139/589/img/4589139_1.jpg"
"G.SKILL  DDR4 16G PC4-19200 CL15 RIPJAWS V VS,G.SKILL,DDR4,PC용,1ea,포함,16GB,2400MHz,1.20V,171040,http://timg.danawa.com/prod_img/500000/374/564/img/4564374_1.jpg"
"G.SKILL  DDR4 16G PC4-25600 CL16 RIPJAWS V VKB (8Gx2),G.SKILL,DDR4,PC용,2ea,포함,16GB,3200MHz,1.35V,206090,http://timg.danawa.com/prod_img/500000/613/571/img/4571613_1.jpg"
"G.SKILL  DDR4 16G PC4-17000 CL15 RIPJAWS V VB,G.SKILL,DDR4,PC용,1ea,포함,16GB,2133MHz,1.20V,171660,http://timg.danawa.com/prod_img/500000/349/561/img/4561349_1.jpg"
"CORSAIR  DDR4 32G PC4-25600 CL16 VENGEANCE LPX 레드 (16Gx2),CORSAIR,DDR4,PC용,2ea,포함,32GB,3200MHz,1.20V,374710,http://timg.danawa.com/prod_img/500000/210/063/img/4063210_1.jpg"
"TeamGroup  노트북 DDR4 4G PC4-17000,TeamGroup,DDR4,노트북용,1ea,미포함,4GB,2133MHz,1.20V,36700,http://timg.danawa.com/prod_img/500000/603/082/img/4082603_1.jpg"
"CORSAIR  DDR4 16GB PC4-21300 CL16 VENGEANCE RGB (8Gx2),CORSAIR,DDR4,PC용,2ea,포함,16GB,2666MHz,1.20V,214340,http://timg.danawa.com/prod_img/500000/243/137/img/5137243_1.jpg"
"G.SKILL  DDR4 16G PC4-21300 CL15 RIPJAWS V VR,G.SKILL,DDR4,PC용,1ea,포함,16GB,2666MHz,1.20V,185270,http://timg.danawa.com/prod_img/500000/715/564/img/4564715_1.jpg"
"G.SKILL  DDR4 16G PC4-19200 CL15 RIPJAWS V VR,G.SKILL,DDR4,PC용,1ea,포함,16GB,2400MHz,1.20V,167630,http://timg.danawa.com/prod_img/500000/349/564/img/4564349_1.jpg"
"GeIL  DDR4 16G PC4-19200 CL16 EVO FORZA 레드 (8Gx2),GeIL,DDR4,PC용,2ea,포함,16GB,2400MHz,1.20V,154270,http://timg.danawa.com/prod_img/500000/542/425/img/4425542_1.jpg"
"GeIL  DDR4 4G PC4-17000 CL15 SUPER LUCE BLACK 블루,GeIL,DDR4,PC용,1ea,포함,4GB,2133MHz,1.20V,49740,http://timg.danawa.com/prod_img/500000/993/979/img/3979993_1.jpg"
"타무즈  노트북 DDR3 4G PC3-12800 CL11 1.35V,타무즈,DDR3,노트북용,1ea,미포함,4GB,1600MHz,1.35V,33970,http://timg.danawa.com/prod_img/500000/965/545/img/4545965_1.jpg"
"GeIL  DDR4 16G PC4-19200 CL15 SUPER LUCE BLACK 그린 (8Gx2),GeIL,DDR4,PC용,2ea,포함,16GB,2400MHz,1.20V,178040,http://timg.danawa.com/prod_img/500000/382/886/img/4886382_1.jpg"
"G.SKILL  DDR4 16G PC4-25600 CL16 TRIDENT ZSW (8Gx2),G.SKILL,DDR4,PC용,2ea,포함,16GB,3200MHz,1.35V,225250,http://timg.danawa.com/prod_img/500000/267/244/img/4244267_1.jpg"
"G.SKILL  DDR4 16G PC4-25600 CL16 RIPJAWS V VS (8Gx2),G.SKILL,DDR4,PC용,2ea,포함,16GB,3200MHz,1.35V,237760,http://timg.danawa.com/prod_img/500000/651/571/img/4571651_1.jpg"
"G.SKILL  DDR4 8G PC4-21300 CL15 RIPJAWS V VS,G.SKILL,DDR4,PC용,1ea,포함,8GB,2666MHz,1.20V,91660,http://timg.danawa.com/prod_img/500000/686/564/img/4564686_1.jpg"
"타무즈  노트북 DDR4 4G PC4-17000 CL15,타무즈,DDR4,노트북용,1ea,미포함,4GB,2133MHz,1.20V,33970,http://timg.danawa.com/prod_img/500000/057/546/img/4546057_1.jpg"
"GeIL  DDR4 16G PC4-24000 CL16 SUPER LUCE WHITE 블루 (8Gx2),GeIL,DDR4,PC용,2ea,포함,16GB,3000MHz,1.35V,197760,http://timg.danawa.com/prod_img/500000/522/784/img/3784522_1.jpg"
"GeIL  DDR4 16G PC4-24000 CL16 SUPER LUCE WHITE 레드 (8Gx2),GeIL,DDR4,PC용,2ea,포함,16GB,3000MHz,1.35V,197760,http://timg.danawa.com/prod_img/500000/730/784/img/3784730_1.jpg"
"G.SKILL  DDR4 16G PC4-24000 CL15 RIPJAWS V VRB (8Gx2),G.SKILL,DDR4,PC용,2ea,포함,16GB,3000MHz,1.35V,200890,http://timg.danawa.com/prod_img/500000/070/570/img/4570070_1.jpg"
"G.SKILL  DDR4 16G PC4-25600 CL16 TRIDENT ZKO (8Gx2),G.SKILL,DDR4,PC용,2ea,포함,16GB,3200MHz,1.35V,225250,http://timg.danawa.com/prod_img/500000/250/244/img/4244250_1.jpg"
"ESSENCORE KLEVV DDR4 16G PC4-24000 CL15 CRAS II WHITE (8Gx2),ESSENCORE,DDR4,PC용,2ea,포함,16GB,3000MHz,1.35V,203500,http://timg.danawa.com/prod_img/500000/170/143/img/5143170_1.jpg"
"G.SKILL  DDR4 16G PC4-17000 CL15 RIPJAWS V VS,G.SKILL,DDR4,PC용,1ea,포함,16GB,2133MHz,1.20V,163470,http://timg.danawa.com/prod_img/500000/397/561/img/4561397_1.jpg"
"GeIL  DDR4 16G PC4-25600 CL16 EVO FORZA 레드 (8Gx2),GeIL,DDR4,PC용,2ea,포함,16GB,3200MHz,1.35V,197370,http://timg.danawa.com/prod_img/500000/620/425/img/4425620_1.jpg"
"G.SKILL  DDR4 16G PC4-19200 CL15 RIPJAWS V VB,G.SKILL,DDR4,PC용,1ea,포함,16GB,2400MHz,1.20V,167630,http://timg.danawa.com/prod_img/500000/292/564/img/4564292_1.jpg"
"CORSAIR  DDR4 64G PC4-27700 CL16 Dominator Platinum (16Gx4),CORSAIR,DDR4,PC용,4ea,포함,64GB,3466MHz,1.35V,1292870,http://timg.danawa.com/prod_img/500000/381/017/img/4017381_1.jpg"
"G.SKILL  DDR4 16G PC4-28800 CL17 TRIDENT Z (8Gx2),G.SKILL,DDR4,PC용,2ea,포함,16GB,3600MHz,1.35V,286290,http://timg.danawa.com/prod_img/500000/359/717/img/3717359_1.jpg"
"G.SKILL  DDR4 8G PC4-24000 CL15 TRIDENT Z (4Gx2),G.SKILL,DDR4,PC용,2ea,포함,8GB,3000MHz,1.35V,140570,http://timg.danawa.com/prod_img/500000/705/439/img/3439705_1.jpg"
"G.SKILL  DDR4 32G PC4-28800 CL17 TRIDENT Z RGB (16Gx2),G.SKILL,DDR4,PC용,2ea,포함,32GB,3600MHz,1.35V,653830,http://timg.danawa.com/prod_img/500000/394/905/img/4905394_1.jpg"
"TeamGroup T-Force DDR4 16G PC4-22400 CL16 DARK Gray (8Gx2),TeamGroup,DDR4,PC용,2ea,포함,16GB,2800MHz,1.20V,167630,http://timg.danawa.com/prod_img/500000/185/596/img/4596185_1.jpg"
"TeamGroup  DDR4 4G PC4-17000 Elite,TeamGroup,DDR4,PC용,1ea,미포함,4GB,2133MHz,1.20V,36160,http://timg.danawa.com/prod_img/500000/657/007/img/3007657_1.jpg"
"G.SKILL  DDR4 16G PC4-24000 CL15 RIPJAWS V VR,G.SKILL,DDR4,PC용,1ea,포함,16GB,3000MHz,1.35V,205120,http://timg.danawa.com/prod_img/500000/047/570/img/4570047_1.jpg"
"AVEXIR  DDR4 16G PC4-21300 CL15 RAIDEN (8Gx2),AVEXIR,DDR4,PC용,2ea,포함,16GB,2666MHz,1.35V,248490,http://timg.danawa.com/prod_img/500000/506/481/img/3481506_1.jpg"
"TeamGroup  DDR3 8G PC3-12800,TeamGroup,DDR3,PC용,1ea,미포함,8GB,1600MHz,1.50V,61360,http://timg.danawa.com/prod_img/500000/045/699/img/1699045_1.jpg"
"타무즈  노트북 DDR3 4G PC3-10600 CL9,타무즈,DDR3,노트북용,1ea,미포함,4GB,1333MHz,1.50V,32320,http://timg.danawa.com/prod_img/500000/912/545/img/4545912_1.jpg"
"TeamGroup T-Force DDR4 16G PC4-21300 CL15 DARK Gray (8Gx2),TeamGroup,DDR4,PC용,2ea,포함,16GB,2666MHz,1.20V,162160,http://timg.danawa.com/prod_img/500000/170/596/img/4596170_1.jpg"
"GeIL  DDR4 4G PC4-17000 CL15 EVO-X 화이트 RGB (4Gx1),GeIL,DDR4,PC용,1ea,포함,4GB,2133MHz,1.20V,50730,http://timg.danawa.com/prod_img/500000/746/988/img/4988746_1.jpg"
"G.SKILL  DDR4 16G PC4-24000 CL15 RIPJAWS V VKB (8Gx2),G.SKILL,DDR4,PC용,2ea,포함,16GB,3000MHz,1.35V,195680,http://timg.danawa.com/prod_img/500000/975/569/img/4569975_1.jpg"
"TeamGroup T-Force DDR4 8G PC4-21300 CL15 DARK Gray (4Gx2),TeamGroup,DDR4,PC용,2ea,포함,8GB,2666MHz,1.20V,98610,http://timg.danawa.com/prod_img/500000/138/596/img/4596138_1.jpg"
"GeIL  DDR4 8G PC4-19200 CL15 SUPER LUCE BLACK 그린 (4Gx2),GeIL,DDR4,PC용,2ea,포함,8GB,2400MHz,1.20V,97290,http://timg.danawa.com/prod_img/500000/322/886/img/4886322_1.jpg"
"TeamGroup T-Force DDR4 16G PC4-19200 CL14 DARK Red (8Gx2),TeamGroup,DDR4,PC용,2ea,포함,16GB,2400MHz,1.20V,157770,http://timg.danawa.com/prod_img/500000/308/596/img/4596308_1.jpg"
"GeIL  DDR4 8G PC4-19200 CL15 SUPER LUCE WHITE 그린 (4Gx2),GeIL,DDR4,PC용,2ea,포함,8GB,2400MHz,1.20V,102550,http://timg.danawa.com/prod_img/500000/404/888/img/4888404_1.jpg"
"CORSAIR  DDR4 64G PC4-24000 CL15 Dominator Platinum (16Gx4),CORSAIR,DDR4,PC용,4ea,포함,64GB,3000MHz,1.35V,945120,http://timg.danawa.com/prod_img/500000/040/106/img/4106040_1.jpg"
"GeIL  DDR4 16G PC4-19200 CL15 SUPER LUCE BLACK 블루 (8Gx2),GeIL,DDR4,PC용,2ea,포함,16GB,2400MHz,1.20V,178040,http://timg.danawa.com/prod_img/500000/976/782/img/3782976_1.jpg"
"CORSAIR  DDR4 16G PC4-21300 CL15 Dominator Platinum (8Gx2),CORSAIR,DDR4,PC용,2ea,포함,16GB,2666MHz,1.20V,239950,http://timg.danawa.com/prod_img/500000/947/382/img/3382947_1.jpg"
"ESSENCORE KLEVV DDR4 16G PC4-24000 CL15 CRAS II RED (8Gx2),ESSENCORE,DDR4,PC용,2ea,포함,16GB,3000MHz,1.35V,203500,http://timg.danawa.com/prod_img/500000/162/143/img/5143162_1.jpg"
"CORSAIR  DDR4 16G PC4-24000 CL15 VENGEANCE LPX 레드 (4Gx4),CORSAIR,DDR4,PC용,4ea,포함,16GB,3000MHz,1.35V,195030,http://timg.danawa.com/prod_img/500000/124/063/img/4063124_1.jpg"
"GeIL  DDR4 16G PC4-24000 CL16 SUPER LUCE BLACK 블루 (8Gx2),GeIL,DDR4,PC용,2ea,포함,16GB,3000MHz,1.35V,197760,http://timg.danawa.com/prod_img/500000/076/783/img/3783076_1.jpg"
"GeIL  DDR4 16G PC4-19200 CL15 SUPER LUCE WHITE 레드 (8Gx2),GeIL,DDR4,PC용,2ea,포함,16GB,2400MHz,1.20V,178040,http://timg.danawa.com/prod_img/500000/703/784/img/3784703_1.jpg"
"G.SKILL  DDR4 8G PC4-19200 CL15 NT,G.SKILL,DDR4,PC용,1ea,미포함,8GB,2400MHz,1.20V,73960,http://timg.danawa.com/prod_img/500000/519/060/img/5060519_1.jpg"
"G.SKILL  DDR4 64G PC4-28800 CL17 TRIDENT Z (16Gx4),G.SKILL,DDR4,PC용,4ea,포함,64GB,3600MHz,1.35V,1155910,http://timg.danawa.com/prod_img/500000/401/848/img/4848401_1.jpg"
"CORSAIR  DDR4 64G PC4-22400 CL14 Dominator Platinum (16Gx4),CORSAIR,DDR4,PC용,4ea,포함,64GB,2800MHz,1.35V,918150,http://timg.danawa.com/prod_img/500000/371/017/img/4017371_1.jpg"
"GeIL  DDR4 8G PC4-17000 CL15 SUPER LUCE WHITE 블루,GeIL,DDR4,PC용,1ea,포함,8GB,2133MHz,1.20V,81850,http://timg.danawa.com/prod_img/500000/675/982/img/3982675_1.jpg"
"TeamGroup  DDR4 16G PC4-19200 New Elite Plus Black Gold,TeamGroup,DDR4,PC용,1ea,포함,16GB,2400MHz,1.20V,140240,http://timg.danawa.com/prod_img/500000/301/569/img/4569301_1.jpg"
"G.SKILL  DDR4 64G PC4-28800 CL17 TRIDENT ZKW (16Gx4),G.SKILL,DDR4,PC용,4ea,포함,64GB,3600MHz,1.35V,1190900,http://timg.danawa.com/prod_img/500000/413/848/img/4848413_1.jpg"
"G.SKILL  DDR4 16G PC4-25600 CL16 RIPJAWS V VK (8Gx2),G.SKILL,DDR4,PC용,2ea,포함,16GB,3200MHz,1.35V,235240,http://timg.danawa.com/prod_img/500000/543/571/img/4571543_1.jpg"
"TeamGroup  DDR4 8G PC4-17000 Elite,TeamGroup,DDR4,PC용,1ea,미포함,8GB,2133MHz,1.20V,68480,http://timg.danawa.com/prod_img/500000/730/007/img/3007730_1.jpg"
"CORSAIR  DDR4 32G PC4-28800 CL16 Dominator Platinum (8Gx4),CORSAIR,DDR4,PC용,4ea,포함,32GB,3600MHz,1.20V,696830,http://timg.danawa.com/prod_img/500000/004/392/img/4392004_1.jpg"
"TeamGroup  노트북 DDR4 8G PC4-17000,TeamGroup,DDR4,노트북용,1ea,미포함,8GB,2133MHz,1.20V,69570,http://timg.danawa.com/prod_img/500000/624/082/img/4082624_1.jpg"
"GeIL  DDR4 4G PC4-17000 CL15 PRISTINE,GeIL,DDR4,PC용,1ea,미포함,4GB,2133MHz,1.20V,35720,http://timg.danawa.com/prod_img/500000/536/971/img/3971536_1.jpg"
"G.SKILL  DDR4 16G PC4-27200 CL16 TRIDENT Z (8Gx2),G.SKILL,DDR4,PC용,2ea,포함,16GB,3400MHz,1.35V,283140,http://timg.danawa.com/prod_img/500000/331/717/img/3717331_1.jpg"
"GeIL  DDR4 16G PC4-17000 CL15 SUPER LUCE BLACK 레드,GeIL,DDR4,PC용,1ea,포함,16GB,2133MHz,1.20V,152190,http://timg.danawa.com/prod_img/500000/113/980/img/3980113_1.jpg"
"타무즈  노트북 DDR3 4G PC3-8500 CL7,타무즈,DDR3,노트북용,1ea,미포함,4GB,1066MHz,1.50V,38350,http://timg.danawa.com/prod_img/500000/870/545/img/4545870_1.jpg"
"CORSAIR  DDR4 16G PC4-25600 CL16 Dominator Platinum (8Gx2),CORSAIR,DDR4,PC용,2ea,포함,16GB,3200MHz,1.35V,294730,http://timg.danawa.com/prod_img/500000/341/017/img/4017341_1.jpg"
"CORSAIR  DDR4 16G PC4-25600 CL16 VENGEANCE LPX 레드 (8Gx2),CORSAIR,DDR4,PC용,2ea,포함,16GB,3200MHz,1.35V,199410,http://timg.danawa.com/prod_img/500000/083/540/img/3540083_1.jpg"
"CORSAIR  DDR4 32GB PC4-21300 CL16 VENGEANCE RGB (8Gx4),CORSAIR,DDR4,PC용,4ea,포함,32GB,2666MHz,1.20V,428790,http://timg.danawa.com/prod_img/500000/261/137/img/5137261_1.jpg"
"GeIL  DDR4 16G PC4-24000 CL16 SUPER LUCE BLACK 레드 (8Gx2),GeIL,DDR4,PC용,2ea,포함,16GB,3000MHz,1.35V,197760,http://timg.danawa.com/prod_img/500000/300/783/img/3783300_1.jpg"
"TeamGroup T-Force DDR4 8G PC4-19200 CL14 VULCAN Gray,TeamGroup,DDR4,PC용,1ea,포함,8GB,2400MHz,1.20V,75600,http://timg.danawa.com/prod_img/500000/983/810/img/4810983_1.jpg"
"G.SKILL  DDR4 16G PC4-24000 CL15 RIPJAWS V VS (8Gx2),G.SKILL,DDR4,PC용,2ea,포함,16GB,3000MHz,1.35V,200940,http://timg.danawa.com/prod_img/500000/099/570/img/4570099_1.jpg"
"GeIL  DDR4 16G PC4-17000 CL15 EVO-X RGB,GeIL,DDR4,PC용,1ea,포함,16GB,2133MHz,1.20V,158370,http://timg.danawa.com/prod_img/500000/946/540/img/4540946_1.jpg"
"TeamGroup T-Force DDR4 16G PC4-19200 CL14 VULCAN Red (8Gx2),TeamGroup,DDR4,PC용,2ea,포함,16GB,2400MHz,1.20V,151200,http://timg.danawa.com/prod_img/500000/552/596/img/4596552_1.jpg"
"AVEXIR  DDR4 8G PC4-24000 CL16 RAIDEN (4Gx2),AVEXIR,DDR4,PC용,2ea,포함,8GB,3000MHz,1.35V,181110,http://timg.danawa.com/prod_img/500000/121/832/img/3832121_1.jpg"
"CORSAIR  DDR4 16G PC4-21300 CL16 VENGEANCE LPX 레드 (8Gx2),CORSAIR,DDR4,PC용,2ea,포함,16GB,2666MHz,1.20V,178590,http://timg.danawa.com/prod_img/500000/222/383/img/3383222_1.jpg"
"TeamGroup T-Force DDR4 8G PC4-19200 CL14 DARK Red (4Gx2),TeamGroup,DDR4,PC용,2ea,포함,8GB,2400MHz,1.20V,94230,http://timg.danawa.com/prod_img/500000/239/596/img/4596239_1.jpg"
"ESSENCORE KLEVV DDR4 4G PC4-17000 CL15,ESSENCORE,DDR4,PC용,1ea,미포함,4GB,2133MHz,1.20V,38350,http://timg.danawa.com/prod_img/500000/831/399/img/3399831_1.jpg"
"GeIL  DDR4 16G PC4-24000 CL16 SUPER LUCE BLACK 화이트 (8Gx2),GeIL,DDR4,PC용,2ea,포함,16GB,3000MHz,1.35V,197760,http://timg.danawa.com/prod_img/500000/788/783/img/3783788_1.jpg"
"TeamGroup  DDR4 4G PC4-17000 New Elite Plus Black Gold,TeamGroup,DDR4,PC용,1ea,포함,4GB,2133MHz,1.20V,37250,http://timg.danawa.com/prod_img/500000/024/596/img/4596024_1.jpg"
"GeIL  DDR4 8G PC4-17000 CL15 SUPER LUCE BLACK 화이트,GeIL,DDR4,PC용,1ea,포함,8GB,2133MHz,1.20V,80750,http://timg.danawa.com/prod_img/500000/203/980/img/3980203_1.jpg"
"GeIL  DDR4 16G PC4-17000 CL15 SUPER LUCE WHITE 레드,GeIL,DDR4,PC용,1ea,포함,16GB,2133MHz,1.20V,152190,http://timg.danawa.com/prod_img/500000/813/982/img/3982813_1.jpg"
"GeIL  DDR4 16G PC4-17000 CL15 SUPER LUCE WHITE 블루,GeIL,DDR4,PC용,1ea,포함,16GB,2133MHz,1.20V,152190,http://timg.danawa.com/prod_img/500000/801/982/img/3982801_1.jpg"
"CORSAIR  DDR4 32G PC4-21300 CL16 VENGEANCE LED 화이트 (8Gx4),CORSAIR,DDR4,PC용,4ea,포함,32GB,2666MHz,1.20V,419630,http://timg.danawa.com/prod_img/500000/762/482/img/4482762_1.jpg"
"TeamGroup T-Force DDR4 8G PC4-19200 CL14 DARK Gray (4Gx2),TeamGroup,DDR4,PC용,2ea,포함,8GB,2400MHz,1.20V,94230,http://timg.danawa.com/prod_img/500000/109/596/img/4596109_1.jpg"
"TeamGroup T-Force DDR4 16G PC4-19200 CL14 DARK Gray (8Gx2),TeamGroup,DDR4,PC용,2ea,포함,16GB,2400MHz,1.20V,157770,http://timg.danawa.com/prod_img/500000/154/596/img/4596154_1.jpg"
"CORSAIR  DDR4 32G PC4-21300 CL15 Dominator Platinum (16Gx2),CORSAIR,DDR4,PC용,2ea,포함,32GB,2666MHz,1.20V,451410,http://timg.danawa.com/prod_img/500000/370/021/img/4021370_1.jpg"
"CORSAIR  DDR4 16G PC4-28800 CL18 VENGEANCE LPX 레드 (8Gx2),CORSAIR,DDR4,PC용,2ea,포함,16GB,3600MHz,1.35V,254740,http://timg.danawa.com/prod_img/500000/259/063/img/4063259_1.jpg"
"AVEXIR  DDR4 32G PC4-19200 CL16 CORE Series 레드 (16Gx2),AVEXIR,DDR4,PC용,2ea,포함,32GB,2400MHz,1.20V,306450,http://timg.danawa.com/prod_img/500000/849/559/img/4559849_1.jpg"
"CORSAIR  DDR4 32G PC4-27700 CL16 VENGEANCE LED 레드 (8Gx4),CORSAIR,DDR4,PC용,4ea,포함,32GB,3466MHz,1.35V,587270,http://timg.danawa.com/prod_img/500000/802/482/img/4482802_1.jpg"
"GeIL  DDR4 4G PC4-17000 CL15 EVO-X RGB,GeIL,DDR4,PC용,1ea,포함,4GB,2133MHz,1.20V,48650,http://timg.danawa.com/prod_img/500000/821/540/img/4540821_1.jpg"
"TeamGroup T-Force DDR4 8G PC4-19200 CL14 DARK Gray,TeamGroup,DDR4,PC용,1ea,포함,8GB,2400MHz,1.20V,79900,http://timg.danawa.com/prod_img/500000/857/810/img/4810857_1.jpg"
"TeamGroup T-Force DDR4 32G PC4-21300 CL15 Night Hawk Red (16Gx2),TeamGroup,DDR4,PC용,2ea,포함,32GB,2666MHz,1.20V,342500,http://timg.danawa.com/prod_img/500000/786/720/img/4720786_1.jpg"
"CORSAIR  DDR4 32G PC4-24000 CL15 Dominator Platinum (16Gx2),CORSAIR,DDR4,PC용,2ea,포함,32GB,3000MHz,1.35V,496330,http://timg.danawa.com/prod_img/500000/279/540/img/3540279_1.jpg"
"AVEXIR  DDR4 8G PC4-21300 CL15 RAIDEN (4Gx2),AVEXIR,DDR4,PC용,2ea,포함,8GB,2666MHz,1.35V,160400,http://timg.danawa.com/prod_img/500000/696/477/img/3477696_1.jpg"
"G.SKILL  DDR4 4G PC4-17000 CL15 NT (4Gx1),G.SKILL,DDR4,PC용,1ea,미포함,4GB,2133MHz,1.20V,39840,http://timg.danawa.com/prod_img/500000/081/853/img/4853081_1.jpg"
"G.SKILL  DDR4 16G PC4-24000 CL15 RIPJAWS V VR (8Gx2),G.SKILL,DDR4,PC용,2ea,포함,16GB,3000MHz,1.35V,200940,http://timg.danawa.com/prod_img/500000/008/570/img/4570008_1.jpg"
"GeIL  DDR4 4G PC4-17000 CL15 SUPER LUCE BLACK 화이트,GeIL,DDR4,PC용,1ea,포함,4GB,2133MHz,1.20V,49740,http://timg.danawa.com/prod_img/500000/144/980/img/3980144_1.jpg"
"TeamGroup T-Force DDR4 4G PC4-19200 CL14 VULCAN Gray,TeamGroup,DDR4,PC용,1ea,포함,4GB,2400MHz,1.20V,44340,http://timg.danawa.com/prod_img/500000/962/810/img/4810962_1.jpg"
"G.SKILL  DDR4 8G PC4-24000 CL15 RIPJAWS V VRB (4Gx2),G.SKILL,DDR4,PC용,2ea,포함,8GB,3000MHz,1.35V,126990,http://timg.danawa.com/prod_img/500000/942/569/img/4569942_1.jpg"
"GeIL  DDR4 16G PC4-24000 CL15 EVO FORZA 레드 (8Gx2),GeIL,DDR4,PC용,2ea,포함,16GB,3000MHz,1.20V,174980,http://timg.danawa.com/prod_img/500000/573/425/img/4425573_1.jpg"
"G.SKILL  DDR4 4G PC4-19200 CL15 NT (4Gx1),G.SKILL,DDR4,PC용,1ea,미포함,4GB,2400MHz,1.20V,41630,http://timg.danawa.com/prod_img/500000/535/060/img/5060535_1.jpg"
"TeamGroup T-Force DDR4 8G PC4-21300 CL15 DARK Red (4Gx2),TeamGroup,DDR4,PC용,2ea,포함,8GB,2666MHz,1.20V,98610,http://timg.danawa.com/prod_img/500000/259/596/img/4596259_1.jpg"
"CORSAIR  DDR4 16G PC4-27700 CL16 VENGEANCE LPX 레드 (8Gx2),CORSAIR,DDR4,PC용,2ea,포함,16GB,3466MHz,1.35V,245430,http://timg.danawa.com/prod_img/500000/243/063/img/4063243_1.jpg"
"CORSAIR  DDR4 32G PC4-25600 CL16 Dominator Platinum (16Gx2),CORSAIR,DDR4,PC용,2ea,포함,32GB,3200MHz,1.35V,628900,http://timg.danawa.com/prod_img/500000/346/017/img/4017346_1.jpg"
"CORSAIR  DDR4 32G PC4-21300 CL16 VENGEANCE LED (8Gx4),CORSAIR,DDR4,PC용,4ea,포함,32GB,2666MHz,1.20V,419630,http://timg.danawa.com/prod_img/500000/172/466/img/4466172_1.jpg"
"G.SKILL  DDR4 16G PC4-30900 CL18 TRIDENT ZSW (8Gx2),G.SKILL,DDR4,PC용,2ea,포함,16GB,3866MHz,1.35V,368610,http://timg.danawa.com/prod_img/500000/716/845/img/4845716_1.jpg"
"TeamGroup T-Force DDR4 16G PC4-22400 CL16 DARK Red (8Gx2),TeamGroup,DDR4,PC용,2ea,포함,16GB,2800MHz,1.20V,167630,http://timg.danawa.com/prod_img/500000/356/596/img/4596356_1.jpg"
"TeamGroup T-Force DDR4 16G PC4-19200 CL15 VULCAN Gray,TeamGroup,DDR4,PC용,1ea,포함,16GB,2400MHz,1.20V,142240,http://timg.danawa.com/prod_img/500000/996/810/img/4810996_1.jpg"
"TeamGroup T-Force DDR4 8G PC4-21300 CL15 VULCAN Gray (4Gx2),TeamGroup,DDR4,PC용,2ea,포함,8GB,2666MHz,1.20V,89840,http://timg.danawa.com/prod_img/500000/429/596/img/4596429_1.jpg"
"CORSAIR  DDR4 16G PC4-25600 CL16 VENGEANCE LED 레드 (8Gx2),CORSAIR,DDR4,PC용,2ea,포함,16GB,3200MHz,1.35V,233370,http://timg.danawa.com/prod_img/500000/840/220/img/4220840_1.jpg"
"TeamGroup  DDR4 16G PC4-17000 New Elite Plus Black Gold,TeamGroup,DDR4,PC용,1ea,포함,16GB,2133MHz,1.20V,138050,http://timg.danawa.com/prod_img/500000/273/569/img/4569273_1.jpg"
"TeamGroup T-Force DDR4 4G PC4-19200 CL14 DARK Red,TeamGroup,DDR4,PC용,1ea,포함,4GB,2400MHz,1.20V,47110,http://timg.danawa.com/prod_img/500000/905/810/img/4810905_1.jpg"
"TeamGroup T-Force DDR4 16G PC4-25600 CL16 Night Hawk Red (8Gx2),TeamGroup,DDR4,PC용,2ea,포함,16GB,3200MHz,1.35V,200410,http://timg.danawa.com/prod_img/500000/775/720/img/4720775_1.jpg"
"G.SKILL  DDR4 16G PC4-30900 CL18 TRIDENT ZKW (8Gx2),G.SKILL,DDR4,PC용,2ea,포함,16GB,3866MHz,1.35V,369610,http://timg.danawa.com/prod_img/500000/701/845/img/4845701_1.jpg"
"TeamGroup T-Force DDR4 32G PC4-22400 CL16 Night Hawk Red (16Gx2),TeamGroup,DDR4,PC용,2ea,포함,32GB,2800MHz,1.20V,349510,http://timg.danawa.com/prod_img/500000/812/720/img/4720812_1.jpg"
"ESSENCORE KLEVV DDR3 8G PC3-21300 CL12 URBANE (4Gx2),ESSENCORE,DDR3,PC용,2ea,포함,8GB,2666MHz,1.65V,79110,http://timg.danawa.com/prod_img/500000/631/409/img/3409631_1.jpg"
"CORSAIR  DDR4 16G PC4-24000 CL15 Dominator Platinum (8Gx2),CORSAIR,DDR4,PC용,2ea,포함,16GB,3000MHz,1.35V,259670,http://timg.danawa.com/prod_img/500000/970/382/img/3382970_1.jpg"
"CORSAIR  DDR4 32G PC4-27700 CL16 VENGEANCE LED 화이트 (8Gx4),CORSAIR,DDR4,PC용,4ea,포함,32GB,3466MHz,1.35V,587270,http://timg.danawa.com/prod_img/500000/789/482/img/4482789_1.jpg"
"CORSAIR  DDR4 32G PC4-25600 CL16 VENGEANCE LED 레드 (16Gx2),CORSAIR,DDR4,PC용,2ea,포함,32GB,3200MHz,1.35V,554400,http://timg.danawa.com/prod_img/500000/895/220/img/4220895_1.jpg"
"CORSAIR  DDR4 16G PC4-25600 CL16 VENGEANCE LED 블루 (8Gx2),CORSAIR,DDR4,PC용,2ea,포함,16GB,3200MHz,1.35V,233370,http://timg.danawa.com/prod_img/500000/505/519/img/4519505_1.jpg"
"TeamGroup T-Force DDR4 32G PC4-24000 CL16 Night Hawk Red (16Gx2),TeamGroup,DDR4,PC용,2ea,포함,32GB,3000MHz,1.35V,360470,http://timg.danawa.com/prod_img/500000/826/720/img/4720826_1.jpg"
"TeamGroup T-Force DDR4 8G PC4-19200 CL14 VULCAN Gray (4Gx2),TeamGroup,DDR4,PC용,2ea,포함,8GB,2400MHz,1.20V,87650,http://timg.danawa.com/prod_img/500000/402/596/img/4596402_1.jpg"
"TeamGroup T-Force DDR4 16G PC4-19200 CL14 VULCAN Gray (8Gx2),TeamGroup,DDR4,PC용,2ea,포함,16GB,2400MHz,1.20V,151200,http://timg.danawa.com/prod_img/500000/469/596/img/4596469_1.jpg"
"G.SKILL  DDR4 16G PC4-30900 CL18 TRIDENT Z (8Gx2),G.SKILL,DDR4,PC용,2ea,포함,16GB,3866MHz,1.35V,348750,http://timg.danawa.com/prod_img/500000/661/845/img/4845661_1.jpg"
"TeamGroup T-Force DDR4 16G PC4-21300 CL15 VULCAN Gray (8Gx2),TeamGroup,DDR4,PC용,2ea,포함,16GB,2666MHz,1.20V,153390,http://timg.danawa.com/prod_img/500000/496/596/img/4596496_1.jpg"
"ESSENCORE KLEVV DDR3 8G PC3-22400 CL12 URBANE (4Gx2),ESSENCORE,DDR3,PC용,2ea,포함,8GB,2800MHz,1.65V,80090,http://timg.danawa.com/prod_img/500000/971/151/img/4151971_1.jpg"
"G.SKILL  DDR4 16G PC4-34100 CL19 TRIDENT Z (8Gx2),G.SKILL,DDR4,PC용,2ea,포함,16GB,4266MHz,1.40V,407270,http://timg.danawa.com/prod_img/500000/291/848/img/4848291_1.jpg"
"G.SKILL  DDR4 16G PC4-34100 CL19 TRIDENT ZSW (8Gx2),G.SKILL,DDR4,PC용,2ea,포함,16GB,4266MHz,1.40V,407370,http://timg.danawa.com/prod_img/500000/365/848/img/4848365_1.jpg"
"GeIL  DDR4 16G PC4-17000 CL15 EVO FORZA 레드,GeIL,DDR4,PC용,1ea,포함,16GB,2133MHz,1.20V,149120,http://timg.danawa.com/prod_img/500000/469/425/img/4425469_1.jpg"
"ESSENCORE KLEVV DDR3 8G PC3-14900 CL9 URBANE (4Gx2),ESSENCORE,DDR3,PC용,2ea,포함,8GB,1866MHz,1.50V,75930,http://timg.danawa.com/prod_img/500000/865/151/img/4151865_1.jpg"
"CORSAIR  DDR4 64G PC4-25600 CL16 Dominator Platinum (16Gx4),CORSAIR,DDR4,PC용,4ea,포함,64GB,3200MHz,1.35V,1249040,http://timg.danawa.com/prod_img/500000/058/106/img/4106058_1.jpg"
"CORSAIR  DDR4 32GB PC4-24000 C15 Vengeance LPX (8Gx4),CORSAIR,DDR4,PC용,4ea,포함,32GB,3000MHz,1.35V,357180,http://timg.danawa.com/prod_img/500000/738/427/img/4427738_1.jpg"
"TeamGroup T-Force DDR4 16G PC4-19200 CL15 DARK Gray,TeamGroup,DDR4,PC용,1ea,포함,16GB,2400MHz,1.20V,146570,http://timg.danawa.com/prod_img/500000/869/810/img/4810869_1.jpg"
"TeamGroup T-Force DDR4 4G PC4-19200 CL14 DARK Gray,TeamGroup,DDR4,PC용,1ea,포함,4GB,2400MHz,1.20V,47110,http://timg.danawa.com/prod_img/500000/830/810/img/4810830_1.jpg"
"ADATA  DDR4 4G PC4-19200 CL16 XPG Z1 레드,ADATA,DDR4,PC용,1ea,포함,4GB,2400MHz,1.20V,49300,http://timg.danawa.com/prod_img/500000/527/954/img/4954527_1.jpg"
"CORSAIR  DDR4 32GB PC4-25600 CL16  VENGEANCE RGB (8Gx4),CORSAIR,DDR4,PC용,4ea,포함,32GB,3200MHz,1.35V,506190,http://timg.danawa.com/prod_img/500000/043/151/img/5151043_1.jpg"
"TeamGroup T-Force DDR4 16G PC4-22400 CL16 Night Hawk Red (8Gx2),TeamGroup,DDR4,PC용,2ea,포함,16GB,2800MHz,1.20V,179690,http://timg.danawa.com/prod_img/500000/734/720/img/4720734_1.jpg"
"TeamGroup T-Force DDR4 16G PC4-19200 CL15 VULCAN Red,TeamGroup,DDR4,PC용,1ea,포함,16GB,2400MHz,1.20V,143240,http://timg.danawa.com/prod_img/500000/031/811/img/4811031_1.jpg"
"GeIL  DDR4 8G PC4-17000 CL15 EVO FORZA 레드,GeIL,DDR4,PC용,1ea,포함,8GB,2133MHz,1.20V,78230,http://timg.danawa.com/prod_img/500000/426/425/img/4425426_1.jpg"
"TeamGroup T-Force DDR4 4G PC4-19200 CL14 VULCAN Red,TeamGroup,DDR4,PC용,1ea,포함,4GB,2400MHz,1.20V,44350,http://timg.danawa.com/prod_img/500000/010/811/img/4811010_1.jpg"
"CORSAIR  DDR4 32G PC4-22400 CL16 Dominator Platinum (16Gx2),CORSAIR,DDR4,PC용,2ea,포함,32GB,2800MHz,1.20V,381290,http://timg.danawa.com/prod_img/500000/113/235/img/4235113_1.jpg"
"ADATA  DDR4 4G PC4-19200 CL16 XPG Z1 화이트,ADATA,DDR4,PC용,1ea,포함,4GB,2400MHz,1.20V,49300,http://timg.danawa.com/prod_img/500000/450/956/img/4956450_1.jpg"
"CORSAIR  DDR4 32G PC4-22400 CL14 Dominator Platinum (16Gx2),CORSAIR,DDR4,PC용,2ea,포함,32GB,2800MHz,1.35V,389600,http://timg.danawa.com/prod_img/500000/310/023/img/4023310_1.jpg"
"CORSAIR  DDR4 32GB PC4-27700 CL16 VENGEANCE RGB (8Gx4),CORSAIR,DDR4,PC용,4ea,포함,32GB,3466MHz,1.35V,528100,http://timg.danawa.com/prod_img/500000/305/137/img/5137305_1.jpg"
"G.SKILL  DDR4 16G PC4-24000 CL15 TRIDENT Z (8Gx2),G.SKILL,DDR4,PC용,2ea,포함,16GB,3000MHz,1.35V,213430,http://timg.danawa.com/prod_img/500000/695/439/img/3439695_1.jpg"
"CORSAIR  DDR4 16GB PC4-27700 CL16 VENGEANCE RGB (8Gx2),CORSAIR,DDR4,PC용,2ea,포함,16GB,3466MHz,1.35V,264050,http://timg.danawa.com/prod_img/500000/291/137/img/5137291_1.jpg"
"G.SKILL  DDR4 16G PC4-34100 CL19 TRIDENT ZKW (8Gx2),G.SKILL,DDR4,PC용,2ea,포함,16GB,4266MHz,1.40V,403090,http://timg.danawa.com/prod_img/500000/340/848/img/4848340_1.jpg"
"ESSENCORE KLEVV DDR3 4G PC3-12800 CL9 FIT,ESSENCORE,DDR3,PC용,1ea,포함,4GB,1600MHz,1.50V,31660,http://timg.danawa.com/prod_img/500000/107/055/img/5055107_1.jpg"
"G.SKILL  DDR4 16G PC4-33000 CL19 TRIDENT ZSWC (8Gx2),G.SKILL,DDR4,PC용,2ea,포함,16GB,4133MHz,1.35V,372640,http://timg.danawa.com/prod_img/500000/135/846/img/4846135_1.jpg"
"GeIL  DDR4 16G PC4-24000 CL15 SUPER LUCE BLACK 그린 (8Gx2),GeIL,DDR4,PC용,2ea,포함,16GB,3000MHz,1.35V,186370,http://timg.danawa.com/prod_img/500000/422/886/img/4886422_1.jpg"
"G.SKILL  DDR4 16G PC4-28800 CL17 RIPJAWS V VK (8Gx2),G.SKILL,DDR4,PC용,2ea,포함,16GB,3600MHz,1.35V,281170,http://timg.danawa.com/prod_img/500000/552/573/img/4573552_1.jpg"
"GeIL  DDR4 4G PC4-17000 CL15 SUPER LUCE WHITE 그린 (4Gx1),GeIL,DDR4,PC용,1ea,포함,4GB,2133MHz,1.20V,47660,http://timg.danawa.com/prod_img/500000/659/891/img/4891659_1.jpg"
"GeIL  DDR4 8G PC4-17000 CL15 SUPER LUCE WHITE 그린,GeIL,DDR4,PC용,1ea,포함,8GB,2133MHz,1.20V,82830,http://timg.danawa.com/prod_img/500000/738/891/img/4891738_1.jpg"
"G.SKILL  DDR4 16G PC4-33000 CL19 TRIDENT ZKWC (8Gx2),G.SKILL,DDR4,PC용,2ea,포함,16GB,4133MHz,1.35V,373800,http://timg.danawa.com/prod_img/500000/123/846/img/4846123_1.jpg"
"GeIL  DDR4 4G PC4-17000 CL15 SUPER LUCE BLACK 그린 (4Gx1),GeIL,DDR4,PC용,1ea,포함,4GB,2133MHz,1.20V,49740,http://timg.danawa.com/prod_img/500000/630/891/img/4891630_1.jpg"
"ADATA  DDR4 8G PC4-19200 CL16 XPG Z1 화이트,ADATA,DDR4,PC용,1ea,포함,8GB,2400MHz,1.20V,88200,http://timg.danawa.com/prod_img/500000/473/956/img/4956473_1.jpg"
"ESSENCORE KLEVV DDR3 16G PC3-14900 CL9 URBANE (8Gx2),ESSENCORE,DDR3,PC용,2ea,포함,16GB,1866MHz,1.50V,115480,http://timg.danawa.com/prod_img/500000/056/152/img/4152056_1.jpg"
"G.SKILL  DDR4 16G PC4-33000 CL19 TRIDENT ZC (8Gx2),G.SKILL,DDR4,PC용,2ea,포함,16GB,4133MHz,1.35V,386260,http://timg.danawa.com/prod_img/500000/105/846/img/4846105_1.jpg"
"CORSAIR  DDR4 64G PC4-26600 CL16 Dominator Platinum (16Gx4),CORSAIR,DDR4,PC용,4ea,포함,64GB,3333MHz,1.35V,1385470,http://timg.danawa.com/prod_img/500000/380/017/img/4017380_1.jpg"
"ADATA  DDR4 8G PC4-19200 CL16 XPG Z1 레드,ADATA,DDR4,PC용,1ea,포함,8GB,2400MHz,1.20V,88200,http://timg.danawa.com/prod_img/500000/555/954/img/4954555_1.jpg"
"GeIL  DDR4 16G PC4-17000 CL15 SUPER LUCE WHITE 그린 (16Gx1),GeIL,DDR4,PC용,1ea,포함,16GB,2133MHz,1.20V,152190,http://timg.danawa.com/prod_img/500000/788/891/img/4891788_1.jpg"
"CORSAIR  DDR4 16G PC4-19200 CL14 VENGEANCE LPX 레드 (8Gx2),CORSAIR,DDR4,PC용,2ea,포함,16GB,2400MHz,1.20V,198350,http://timg.danawa.com/prod_img/500000/872/062/img/4062872_1.jpg"
"타무즈  DDR3 4G PC3-12800 CL11,타무즈,DDR3,PC용,1ea,미포함,4GB,1600MHz,1.50V,31340,http://timg.danawa.com/prod_img/500000/000/546/img/4546000_1.jpg"
"G.SKILL  DDR4 16G PC4-27200 CL16 RIPJAWS V VK (8Gx2),G.SKILL,DDR4,PC용,2ea,포함,16GB,3400MHz,1.35V,262340,http://timg.danawa.com/prod_img/500000/531/573/img/4573531_1.jpg"
"GeIL  DDR4 16G PC4-24000 CL15 SUPER LUCE WHITE 그린 (8Gx2),GeIL,DDR4,PC용,2ea,포함,16GB,3000MHz,1.35V,193120,http://timg.danawa.com/prod_img/500000/497/888/img/4888497_1.jpg"
"CORSAIR  DDR4 32G PC4-25600 CL16 Dominator Platinum (8Gx4),CORSAIR,DDR4,PC용,4ea,포함,32GB,3200MHz,1.35V,664100,http://timg.danawa.com/prod_img/500000/368/017/img/4017368_1.jpg"
"ESSENCORE KLEVV DDR3 8G PC3-17000 CL10 URBANE (4Gx2),ESSENCORE,DDR3,PC용,2ea,포함,8GB,2133MHz,1.60V,77020,http://timg.danawa.com/prod_img/500000/925/151/img/4151925_1.jpg"
"GeIL  DDR4 16G PC4-25600 CL16 SUPER LUCE WHITE 레드 (8Gx2),GeIL,DDR4,PC용,2ea,포함,16GB,3200MHz,1.35V,214310,http://timg.danawa.com/prod_img/500000/144/335/img/4335144_1.jpg"
"GeIL  DDR4 8G PC4-17000 CL15 SUPER LUCE BLACK 그린,GeIL,DDR4,PC용,1ea,포함,8GB,2133MHz,1.20V,82830,http://timg.danawa.com/prod_img/500000/714/891/img/4891714_1.jpg"
"ESSENCORE KLEVV DDR3 16G PC3-12800 CL9 NEO (8Gx2),ESSENCORE,DDR3,PC용,2ea,포함,16GB,1600MHz,1.50V,117840,http://timg.danawa.com/prod_img/500000/599/151/img/4151599_1.jpg"
"CORSAIR  DDR4 32GB PC4-21300 CL16 VENGEANCE LED (16Gx2),CORSAIR,DDR4,PC용,2ea,포함,32GB,2666MHz,1.20V,431480,http://timg.danawa.com/prod_img/500000/846/100/img/5100846_1.jpg"
"GeIL  DDR4 16G PC4-25600 CL16 SUPER LUCE WHITE 블루 (8Gx2),GeIL,DDR4,PC용,2ea,포함,16GB,3200MHz,1.35V,214310,http://timg.danawa.com/prod_img/500000/187/335/img/4335187_1.jpg"
"ESSENCORE KLEVV DDR3 8G PC3-19200 CL11 NEO (4Gx2),ESSENCORE,DDR3,PC용,2ea,포함,8GB,2400MHz,1.65V,78480,http://timg.danawa.com/prod_img/500000/572/151/img/4151572_1.jpg"
"ESSENCORE KLEVV DDR3 8G PC3-14900 CL10 FIT (4Gx2),ESSENCORE,DDR3,PC용,2ea,포함,8GB,1866MHz,1.50V,64530,http://timg.danawa.com/prod_img/500000/182/152/img/4152182_1.jpg"
"ESSENCORE KLEVV DDR3 8G PC3-14900 CL9 NEO (4Gx2),ESSENCORE,DDR3,PC용,2ea,포함,8GB,1866MHz,1.50V,75130,http://timg.danawa.com/prod_img/500000/497/151/img/4151497_1.jpg"
"CORSAIR  DDR4 32G PC4-25600 CL16 Dominator Platinum ROG Edition (8Gx4),CORSAIR,DDR4,PC용,4ea,포함,32GB,3200MHz,1.35V,653400,http://timg.danawa.com/prod_img/500000/620/982/img/4982620_1.jpg"
"CORSAIR  DDR4 16G PC4-19200 CL10 Dominator Platinum (8Gx2),CORSAIR,DDR4,PC용,2ea,포함,16GB,2400MHz,1.35V,283770,http://timg.danawa.com/prod_img/500000/322/017/img/4017322_1.jpg"
"ESSENCORE KLEVV DDR3 8G PC3-12800 CL9 NEO (4Gx2),ESSENCORE,DDR3,PC용,2ea,포함,8GB,1600MHz,1.50V,73440,http://timg.danawa.com/prod_img/500000/787/292/img/3292787_1.jpg"
"ESSENCORE KLEVV DDR3 8G PC3-17000 CL10 FIT (4Gx2),ESSENCORE,DDR3,PC용,2ea,포함,8GB,2133MHz,1.60V,65550,http://timg.danawa.com/prod_img/500000/214/152/img/4152214_1.jpg"
"AVEXIR  DDR4 32G PC4-19200 CL16 CORE Series 화이트 (16Gx2),AVEXIR,DDR4,PC용,2ea,포함,32GB,2400MHz,1.20V,313530,http://timg.danawa.com/prod_img/500000/864/559/img/4559864_1.jpg"
"GeIL  DDR4 16G PC4-25600 CL16 SUPER LUCE BLACK 블루 (8Gx2),GeIL,DDR4,PC용,2ea,포함,16GB,3200MHz,1.35V,214310,http://timg.danawa.com/prod_img/500000/936/337/img/4337936_1.jpg"
"ESSENCORE KLEVV DDR3 8G PC3-12800 CL9 URBANE (4Gx2)​,ESSENCORE,DDR3,PC용,2ea,포함,8GB,1600MHz,1.50V,74940,http://timg.danawa.com/prod_img/500000/088/058/img/5058088_1.jpg"
"ESSENCORE KLEVV DDR3 4G PC3-14900 CL10 FIT,ESSENCORE,DDR3,PC용,1ea,포함,4GB,1866MHz,1.50V,32760,http://timg.danawa.com/prod_img/500000/117/055/img/5055117_1.jpg"
"GeIL  DDR4 16G PC4-25600 CL16 SUPER LUCE WHITE 화이트 (8Gx2),GeIL,DDR4,PC용,2ea,포함,16GB,3200MHz,1.35V,221150,http://timg.danawa.com/prod_img/500000/228/335/img/4335228_1.jpg"
"GeIL  DDR4 16G PC4-25600 CL16 SUPER LUCE BLACK 화이트 (8Gx2),GeIL,DDR4,PC용,2ea,포함,16GB,3200MHz,1.35V,214310,http://timg.danawa.com/prod_img/500000/105/335/img/4335105_1.jpg"
"삼성전자  DDR4 4G PC4-19200,삼성전자,DDR4,PC용,1ea,미포함,4GB,2400MHz,,38020,http://timg.danawa.com/prod_img/500000/061/040/img/5040061_1.jpg"
"삼성전자  노트북 DDR3 8G PC3-12800 1.35V(정품),삼성전자,DDR3,노트북용,1ea,미포함,8GB,1600MHz,1.35V,76700,http://timg.danawa.com/prod_img/500000/256/747/img/2747256_1.jpg"
"삼성전자  노트북 DDR4 8G PC4-17000(정품),삼성전자,DDR4,노트북용,1ea,미포함,8GB,2133MHz,,76150,http://timg.danawa.com/prod_img/500000/083/493/img/3493083_1.jpg"
"삼성전자  DDR3 4G PC3-10600(정품),삼성전자,DDR3,PC용,1ea,미포함,4GB,1333MHz,1.50V,31230,http://timg.danawa.com/prod_img/500000/693/144/img/1144693_1.jpg"
"삼성전자  노트북 DDR3 4G PC3-12800 1.35V(정품),삼성전자,DDR3,노트북용,1ea,미포함,4GB,1600MHz,1.35V,39440,http://timg.danawa.com/prod_img/500000/994/568/img/2568994_1.jpg"
"삼성전자  노트북 DDR4 4G PC4-19200,삼성전자,DDR4,노트북용,1ea,미포함,4GB,2400MHz,,37580,http://timg.danawa.com/prod_img/500000/079/040/img/5040079_1.jpg"
"삼성전자  노트북 DDR3 4G PC3-10600(정품),삼성전자,DDR3,노트북용,1ea,미포함,4GB,1333MHz,1.50V,33420,http://timg.danawa.com/prod_img/500000/491/982/img/982491_1.jpg"
"삼성전자  DDR3 2G PC3-10600(정품),삼성전자,DDR3,PC용,1ea,,2GB,1333MHz,1.50V,11180,http://timg.danawa.com/prod_img/500000/930/821/img/821930_1.jpg"
"삼성전자  DDR3 2G PC3-12800(정품),삼성전자,DDR3,PC용,1ea,미포함,2GB,1600MHz,1.50V,20160,http://timg.danawa.com/prod_img/500000/334/519/img/1519334_1.jpg"
"마이크론 Crucial DDR4 8G PC4-19200 CL17 아스크텍,마이크론,DDR4,PC용,1ea,미포함,8GB,2400MHz,1.20V,69570,http://timg.danawa.com/prod_img/500000/193/771/img/4771193_1.jpg"
"삼성전자  노트북 DDR3 2G PC3-10600(정품),삼성전자,DDR3,노트북용,1ea,미포함,2GB,1333MHz,,12600,http://timg.danawa.com/prod_img/500000/624/925/img/925624_1.jpg"
"삼성전자  노트북 DDR3 2G PC3-8500(정품),삼성전자,DDR3,노트북용,1ea,미포함,2GB,1.066GHz,,14240,http://timg.danawa.com/prod_img/500000/639/787/img/787639_1.jpg"
"삼성전자  DDR3 2G PC3-8500(정품),삼성전자,DDR3,PC용,1ea,미포함,2GB,1.066GHz,,13810,http://timg.danawa.com/prod_img/500000/610/787/img/787610_1.jpg"
"삼성전자  노트북 DDR3 2G PC3-12800 1.35V(정품),삼성전자,DDR3,노트북용,1ea,미포함,2GB,1600MHz,1.35V,23010,http://timg.danawa.com/prod_img/500000/169/175/img/3175169_1.jpg"
"삼성전자  노트북 DDR3 4G PC3-8500(정품),삼성전자,DDR3,노트북용,1ea,미포함,4GB,1.066GHz,,59300,http://timg.danawa.com/prod_img/500000/722/022/img/1022722_1.jpg"
"삼성전자  DDR4 8G PC4-17000 ECC(정품),삼성전자,DDR4,서버용,1ea,미포함,8GB,,,117230,http://timg.danawa.com/prod_img/500000/766/984/img/3984766_1.jpg"
"삼성전자  DDR3 8G PC3-12800(병행수입),삼성전자,DDR3,PC용,1ea,미포함,8GB,1600MHz,,71220,http://timg.danawa.com/prod_img/500000/298/792/img/1792298_1.jpg"
"삼성전자  DDR4 16G PC4-17000 ECC/REG(정품),삼성전자,DDR4,서버용,1ea,미포함,16GB,,,182270,http://timg.danawa.com/prod_img/500000/268/201/img/3201268_1.jpg"
"삼성전자  DDR3 4G PC3-12800(병행수입),삼성전자,DDR3,PC용,1ea,미포함,4GB,1600MHz,1.50V,39440,http://timg.danawa.com/prod_img/500000/586/518/img/1518586_1.jpg"
"마이크론 Crucial DDR4 4G PC4-19200 CL17 아스크텍,마이크론,DDR4,PC용,1ea,미포함,4GB,2400MHz,1.20V,37250,http://timg.danawa.com/prod_img/500000/194/771/img/4771194_1.jpg"
"삼성전자  DDR4 8G PC4-17000 ECC/REG(정품),삼성전자,DDR4,서버용,1ea,미포함,8GB,,,108470,http://timg.danawa.com/prod_img/500000/319/201/img/3201319_1.jpg"
"삼성전자  DDR3 8G PC3-12800 ECC/REG LP(정품),삼성전자,DDR3,서버용,1ea,포함,8GB,1600MHz,,38350,http://timg.danawa.com/prod_img/500000/547/691/img/1691547_1.jpg"
"삼성전자  DDR3 4G PC3-10600(단품판매),삼성전자,DDR3,PC용,1ea,미포함,4GB,1333MHz,,31010,http://timg.danawa.com/prod_img/500000/165/518/img/1518165_1.jpg"
"킹스톤  DDR4 16G PC4-17000,킹스톤,DDR4,PC용,1ea,미포함,16GB,2133MHz,1.20V,158870,http://timg.danawa.com/prod_img/500000/016/088/img/4088016_1.jpg"
"PATRIOT  DDR4 16G PC4-22400 CL16 VIPER XTREME (4Gx4),PATRIOT,DDR4,PC용,4ea,포함,16GB,2800MHz,,208170,http://timg.danawa.com/prod_img/500000/023/873/img/2873023_1.jpg"
"삼성전자  노트북 DDR3 1G PC3-10600(정품),삼성전자,DDR3,노트북용,1ea,미포함,1GB,1333MHz,,7670,http://timg.danawa.com/prod_img/500000/692/523/img/1523692_1.jpg"
"PATRIOT  DDR4 32G PC4-21300 CL15 VIPER XTREME (8Gx4),PATRIOT,DDR4,PC용,4ea,포함,32GB,2666MHz,,339650,http://timg.danawa.com/prod_img/500000/900/872/img/2872900_1.jpg"
"PATRIOT  DDR4 16G PC4-19200 CL15 VIPER XTREME (4Gx4),PATRIOT,DDR4,PC용,4ea,포함,16GB,2400MHz,1.20V,180780,http://timg.danawa.com/prod_img/500000/461/828/img/2828461_1.jpg"
"삼성전자  DDR3 1G PC3-10600(정품),삼성전자,DDR3,PC용,1ea,미포함,1GB,1333MHz,1.50V,7670,http://timg.danawa.com/prod_img/500000/565/657/img/657565_1.jpg"
"삼성전자  노트북 DDR4 8G PC4-17000(병행수입),삼성전자,DDR4,노트북용,1ea,미포함,8GB,2133MHz,,78340,http://timg.danawa.com/prod_img/500000/084/493/img/3493084_1.jpg"
"삼성전자  DDR3 8G PC3-12800 ECC(정품),삼성전자,DDR3,서버용,1ea,포함,8GB,1600MHz,,106620,http://timg.danawa.com/prod_img/500000/299/792/img/1792299_1.jpg"
"PATRIOT  DDR4 32G PC4-22400 CL16 VIPER XTREME (8Gx4),PATRIOT,DDR4,PC용,4ea,포함,32GB,2800MHz,,383480,http://timg.danawa.com/prod_img/500000/019/873/img/2873019_1.jpg"
"삼성전자  노트북 DDR3 2G PC3-10600(병행수입),삼성전자,DDR3,노트북용,1ea,미포함,2GB,1333MHz,,19700,http://timg.danawa.com/prod_img/500000/482/982/img/982482_1.jpg"
"삼성전자  DDR3 4G PC3-12800 ECC(정품),삼성전자,DDR3,서버용,1ea,미포함,4GB,1600MHz,,50840,http://timg.danawa.com/prod_img/500000/881/208/img/2208881_1.jpg"
"삼성전자  DDR3 2G PC3-10600(병행수입),삼성전자,DDR3,PC용,1ea,미포함,2GB,1333MHz,1.50V,12930,http://timg.danawa.com/prod_img/500000/710/843/img/843710_1.jpg"
"G.SKILL  DDR4 16G PC4-22400 CL16 RIPJAWS4 RR (4Gx4),G.SKILL,DDR4,PC용,4ea,포함,16GB,2800MHz,1.20V,153840,http://timg.danawa.com/prod_img/500000/812/824/img/2824812_1.jpg"
"G.SKILL  DDR4 8G PC4-21300 CL15 RIPJAWS VR (4Gx2),G.SKILL,DDR4,PC용,2ea,포함,8GB,2666MHz,1.20V,76100,http://timg.danawa.com/prod_img/500000/607/340/img/3340607_1.jpg"
"G.SKILL  DDR4 16G PC4-21300 CL15 RIPJAWS4 RR (8Gx2),G.SKILL,DDR4,PC용,2ea,포함,16GB,2666MHz,1.20V,150160,http://timg.danawa.com/prod_img/500000/389/340/img/3340389_1.jpg"
"삼성전자  DDR3 1G PC3-8500(정품),삼성전자,DDR3,PC용,1ea,,1GB,1.066GHz,1.50V,10170,http://timg.danawa.com/prod_img/500000/207/680/img/680207_1.jpg"
"G.SKILL  DDR4 16G PC4-22400 RIPJAWS VRB (8Gx2),G.SKILL,DDR4,PC용,2ea,포함,16GB,2800MHz,1.25V,201460,http://timg.danawa.com/prod_img/500000/762/444/img/3444762_1.jpg"
"G.SKILL  DDR4 8G PC4-24000 CL15 RIPJAWS VR (4Gx2),G.SKILL,DDR4,PC용,2ea,포함,8GB,3000MHz,1.35V,86090,http://timg.danawa.com/prod_img/500000/640/340/img/3340640_1.jpg"
"G.SKILL  DDR4 16G PC4-21300 CL15 RIPJAWS4 RR (4Gx4),G.SKILL,DDR4,PC용,4ea,포함,16GB,2666MHz,1.20V,157700,http://timg.danawa.com/prod_img/500000/247/790/img/2790247_1.jpg"
